image,score,prediction
F1.png,1.0,True
F10.png,1.0,True
F100.png,1.0,True
F1000.png,1.0,True
F1001.png,1.0,True
F1002.png,1.0,True
F1003.png,1.0,True
F1004.png,1.0,True
F1005.png,0.0,False
F1006.png,1.0,True
F1007.png,0.0,False
F1008.png,0.0,False
F1009.png,1.0,True
F101.png,0.0,False
F1010.png,1.0,True
F1011.png,1.0,True
F1012.png,1.0,True
F1013.png,1.0,True
F1014.png,1.0,True
F1015.png,1.0,True
F1016.png,1.0,True
F1017.png,1.0,True
F1018.png,1.0,True
F1019.png,1.0,True
F102.png,1.0,True
F1020.png,0.99999976,True
F1021.png,1.0,True
F1022.png,1.0,True
F1023.png,1.0,True
F1024.png,5.68748e-20,False
F1025.png,1.0,True
F1026.png,1.0,True
F1027.png,1.0,True
F1028.png,1.0,True
F1029.png,1.0,True
F103.png,1.0,True
F1030.png,1.0,True
F1031.png,0.0,False
F1032.png,1.0,True
F1033.png,1.0,True
F1034.png,1.0,True
F1035.png,1.0,True
F1036.png,1.0,True
F1037.png,0.0,False
F1038.png,1.0,True
F1039.png,1.0,True
F104.png,1.0,True
F1040.png,1.0,True
F1041.png,1.0,True
F1042.png,1.0,True
F1043.png,1.0,True
F1044.png,1.0,True
F1045.png,1.0,True
F1046.png,1.0,True
F1047.png,1.0,True
F1048.png,1.0,True
F1049.png,1.0,True
F105.png,1.0,True
F1050.png,1.0,True
F1051.png,1.0,True
F1052.png,1.0,True
F1053.png,1.0,True
F1054.png,1.0,True
F1055.png,1.0,True
F1056.png,1.0,True
F1057.png,0.0,False
F1058.png,1.0,True
F1059.png,1.0,True
F106.png,1.0,True
F1060.png,1.0,True
F1061.png,1.0,True
F1062.png,1.0,True
F1063.png,1.0,True
F1064.png,1.0,True
F1065.png,1.0,True
F1066.png,1.0,True
F1067.png,1.0,True
F1068.png,0.0,False
F1069.png,0.0,False
F107.png,1.0,True
F1070.png,1.0,True
F1071.png,1.0,True
F1072.png,1.0,True
F1073.png,0.0,False
F1074.png,0.0,False
F1075.png,0.0,False
F1076.png,1.0,True
F1077.png,0.64549243,True
F1078.png,1.0,True
F1079.png,1.0,True
F108.png,1.0,True
F1080.png,1.0,True
F1081.png,0.0,False
F1082.png,1.0,True
F1083.png,0.0,False
F1084.png,1.0,True
F1085.png,1.0,True
F1086.png,1.0,True
F1087.png,1.0,True
F1088.png,1.0,True
F1089.png,1.0,True
F109.png,1.0,True
F1090.png,1.0,True
F1091.png,1.0,True
F1092.png,1.0,True
F1093.png,1.0,True
F1094.png,1.0,True
F1095.png,1.0,True
F1096.png,0.0,False
F1097.png,1.0,True
F1098.png,1.0,True
F1099.png,1.0,True
F11.png,1.0,True
F110.png,1.0,True
F1100.png,1.0,True
F1101.png,1.0,True
F1102.png,1.0,True
F1103.png,0.0,False
F1104.png,1.0,True
F1105.png,1.0,True
F1106.png,0.0,False
F1107.png,0.0,False
F1108.png,1.0,True
F1109.png,1.0,True
F111.png,1.0,True
F1110.png,1.0,True
F1111.png,1.0,True
F1112.png,1.0,True
F1113.png,1.0,True
F1114.png,1.0,True
F1115.png,1.0,True
F1116.png,1.0,True
F1117.png,1.0,True
F1118.png,1.0,True
F1119.png,1.0,True
F112.png,1.0,True
F1120.png,1.0,True
F1121.png,1.0,True
F1122.png,1.0,True
F1123.png,1.0,True
F1124.png,1.0,True
F1125.png,1.0,True
F1126.png,0.0,False
F1127.png,1.0,True
F1128.png,1.0,True
F1129.png,0.0,False
F113.png,1.0,True
F1130.png,1.0,True
F1131.png,1.0,True
F1132.png,1.0,True
F1133.png,0.0,False
F1134.png,0.0,False
F1135.png,1.0,True
F1136.png,1.0,True
F1137.png,1.0,True
F1138.png,1.0,True
F1139.png,1.0,True
F114.png,1.0,True
F1140.png,1.0,True
F1141.png,1.0,True
F1142.png,0.0,False
F1143.png,0.0,False
F1144.png,0.0,False
F1145.png,1.0,True
F1146.png,0.0,False
F1147.png,1.0,True
F1148.png,0.0,False
F1149.png,1.0,True
F115.png,1.0,True
F1150.png,1.0,True
F1151.png,0.0,False
F1152.png,0.0,False
F1153.png,1.0,True
F1154.png,1.0,True
F1155.png,0.0,False
F1156.png,1.0,True
F1157.png,0.0,False
F1158.png,1.0,True
F1159.png,1.0,True
F116.png,1.0,True
F1160.png,1.0,True
F1161.png,0.0,False
F1162.png,1.0,True
F1163.png,1.0,True
F1164.png,1.0,True
F1165.png,0.0,False
F1166.png,1.0,True
F1167.png,1.0,True
F1168.png,1.0,True
F1169.png,0.0,False
F117.png,1.0,True
F1170.png,1.0,True
F1171.png,1.0,True
F1172.png,1.0,True
F1173.png,1.0,True
F1174.png,1.0,True
F1175.png,0.0,False
F1176.png,1.0,True
F1177.png,1.0,True
F1178.png,1.0,True
F1179.png,1.0,True
F118.png,1.0,True
F1180.png,1.0,True
F1181.png,0.0,False
F1182.png,1.0,True
F1183.png,1.0,True
F1184.png,1.0,True
F1185.png,1.0,True
F1186.png,1.0,True
F1187.png,1.0,True
F1188.png,1.0,True
F1189.png,0.0,False
F119.png,1.0,True
F1190.png,1.0,True
F1191.png,1.0,True
F1192.png,1.0,True
F1193.png,0.0,False
F1194.png,1.0,True
F1195.png,1.0,True
F1196.png,1.0,True
F1197.png,1.0,True
F1198.png,1.0,True
F1199.png,0.0,False
F12.png,0.0,False
F120.png,1.0,True
F1200.png,1.0,True
F1201.png,1.0,True
F1202.png,1.0,True
F1203.png,1.0,True
F1204.png,1.0,True
F1205.png,1.0,True
F1206.png,0.0,False
F1207.png,1.0,True
F1208.png,1.0,True
F1209.png,1.0,True
F121.png,1.0,True
F1210.png,1.0,True
F1211.png,1.0,True
F1212.png,1.0,True
F1213.png,1.0,True
F1214.png,1.0,True
F1215.png,1.0,True
F1216.png,1.0,True
F1217.png,1.0,True
F1218.png,1.0,True
F1219.png,1.0,True
F122.png,1.0,True
F1220.png,1.0,True
F1221.png,1.0,True
F1222.png,1.0,True
F1223.png,1.0,True
F1224.png,0.0008995533,False
F1225.png,1.0,True
F1226.png,0.0,False
F1227.png,1.0,True
F1228.png,1.0,True
F1229.png,1.0,True
F123.png,1.0,True
F1230.png,1.0,True
F1231.png,1.0,True
F1232.png,0.0,False
F1233.png,1.0,True
F1234.png,0.0,False
F1235.png,1.0,True
F1236.png,1.0,True
F1237.png,1.0,True
F1238.png,0.0,False
F1239.png,1.0,True
F124.png,1.0,True
F1240.png,1.0,True
F1241.png,1.0,True
F1242.png,1.0,True
F1243.png,1.0,True
F1244.png,1.0,True
F1245.png,0.0,False
F1246.png,1.0,True
F1247.png,1.0,True
F1248.png,0.0,False
F1249.png,1.0,True
F125.png,1.0,True
F1250.png,1.0,True
F1251.png,1.0,True
F1252.png,0.0,False
F1253.png,1.0,True
F1254.png,1.0,True
F1255.png,1.0,True
F1256.png,0.0,False
F1257.png,1.0,True
F1258.png,1.0,True
F1259.png,1.0,True
F126.png,1.0,True
F1260.png,1.0,True
F1261.png,1.0,True
F1262.png,1.0,True
F1263.png,0.0,False
F1264.png,1.0,True
F1265.png,1.0,True
F1266.png,1.0,True
F1267.png,1.0,True
F1268.png,1.0,True
F1269.png,1.0,True
F127.png,1.0,True
F1270.png,1.0,True
F1271.png,1.0,True
F1272.png,1.0,True
F1273.png,1.0,True
F1274.png,1.0,True
F1275.png,1.0,True
F1276.png,1.0,True
F1277.png,1.0,True
F1278.png,1.0,True
F1279.png,1.0,True
F128.png,1.0,True
F1280.png,1.0,True
F1281.png,1.0,True
F1282.png,1.0,True
F1283.png,1.0,True
F1284.png,1.0,True
F1285.png,1.0,True
F1286.png,1.0,True
F1287.png,1.0,True
F1288.png,1.0,True
F1289.png,1.0,True
F129.png,1.0,True
F1290.png,1.0,True
F1291.png,1.0,True
F1292.png,1.0,True
F1293.png,1.0,True
F1294.png,1.0,True
F1295.png,1.0,True
F1296.png,1.0,True
F1297.png,1.0,True
F1298.png,1.0,True
F1299.png,1.0,True
F13.png,1.0,True
F130.png,1.0,True
F1300.png,1.0,True
F1301.png,1.0,True
F1302.png,1.0,True
F1303.png,1.0,True
F1304.png,1.0,True
F1305.png,1.0,True
F1306.png,1.0,True
F1307.png,1.0,True
F1308.png,1.0,True
F1309.png,1.0,True
F131.png,0.0,False
F1310.png,1.0,True
F1311.png,1.0,True
F1312.png,1.0,True
F1313.png,1.0,True
F1314.png,1.0,True
F1315.png,1.0,True
F1316.png,1.0,True
F1317.png,1.0,True
F1318.png,1.0,True
F1319.png,1.0,True
F132.png,1.0,True
F1320.png,0.0,False
F1321.png,0.0,False
F1322.png,1.0,True
F1323.png,1.0,True
F1324.png,1.0,True
F1325.png,1.0,True
F1326.png,1.0,True
F1327.png,1.0,True
F1328.png,1.0,True
F1329.png,1.0,True
F133.png,0.0,False
F1330.png,1.0,True
F1331.png,1.0,True
F1332.png,1.0,True
F1333.png,1.0,True
F1334.png,1.0,True
F1335.png,1.0,True
F1336.png,1.0,True
F1337.png,1.0,True
F1338.png,1.0,True
F1339.png,1.0,True
F134.png,1.0,True
F1340.png,1.0,True
F1341.png,0.0,False
F1342.png,1.0,True
F1343.png,1.0,True
F1344.png,1.0,True
F1345.png,1.0,True
F1346.png,1.0,True
F1347.png,1.0,True
F1348.png,1.0,True
F1349.png,0.0,False
F135.png,1.0,True
F1350.png,1.0,True
F1351.png,1.0,True
F1352.png,1.0,True
F1353.png,0.0,False
F1354.png,0.0,False
F1355.png,1.0,True
F1356.png,1.0,True
F1357.png,1.0,True
F1358.png,1.0,True
F1359.png,1.0,True
F136.png,1.0,True
F1360.png,1.0,True
F1361.png,1.0,True
F1362.png,1.0,True
F1363.png,1.0,True
F1364.png,1.0,True
F1365.png,1.0,True
F1366.png,1.0,True
F1367.png,1.0,True
F1368.png,0.0,False
F1369.png,1.0,True
F137.png,1.0,True
F1370.png,1.0,True
F1371.png,1.0,True
F1372.png,1.0,True
F1373.png,1.0,True
F1374.png,1.0,True
F1375.png,1.0,True
F1376.png,1.0,True
F1377.png,1.0,True
F1378.png,1.0,True
F1379.png,1.0,True
F138.png,1.0,True
F1380.png,0.0,False
F1381.png,1.0,True
F1382.png,1.0,True
F1383.png,1.0,True
F1384.png,1.0,True
F1385.png,1.0,True
F1386.png,1.0,True
F1387.png,1.0,True
F1388.png,0.0,False
F1389.png,0.0,False
F139.png,1.0,True
F1390.png,1.0,True
F1391.png,0.0,False
F1392.png,1.0,True
F1393.png,1.0,True
F1394.png,1.0,True
F1395.png,1.0,True
F1396.png,1.0,True
F1397.png,1.0,True
F1398.png,1.0,True
F1399.png,1.0,True
F14.png,1.0,True
F140.png,1.0,True
F1400.png,0.0,False
F1401.png,1.0,True
F1402.png,1.0,True
F1403.png,1.0,True
F1404.png,1.0,True
F1405.png,1.0,True
F1406.png,1.0,True
F1407.png,1.0,True
F1408.png,1.0,True
F1409.png,1.0,True
F141.png,1.0,True
F1410.png,0.0,False
F1411.png,1.0,True
F1412.png,1.0,True
F1413.png,0.0,False
F1414.png,1.0,True
F1415.png,7.944992e-12,False
F1416.png,1.0,True
F1417.png,1.0,True
F1418.png,1.0,True
F1419.png,1.0,True
F142.png,1.0,True
F1420.png,1.0,True
F1421.png,1.0,True
F1422.png,0.0,False
F1423.png,1.0,True
F1424.png,0.0,False
F1425.png,1.0,True
F1426.png,1.0,True
F1427.png,0.0,False
F1428.png,1.0,True
F1429.png,1.0,True
F143.png,1.0,True
F1430.png,1.0,True
F1431.png,2.0811123e-30,False
F1432.png,1.0,True
F1433.png,1.0,True
F1434.png,1.0,True
F1435.png,1.0,True
F1436.png,1.0,True
F1437.png,1.0,True
F1438.png,1.0,True
F1439.png,1.0,True
F144.png,1.0,True
F1440.png,1.0,True
F1441.png,1.0,True
F1442.png,1.0,True
F1443.png,1.0,True
F1444.png,1.0,True
F1445.png,1.0,True
F1446.png,1.0,True
F1447.png,1.0,True
F1448.png,1.0,True
F1449.png,1.0,True
F145.png,1.0,True
F1450.png,1.0,True
F1451.png,1.0,True
F1452.png,1.0,True
F1453.png,1.0,True
F1454.png,1.0,True
F1455.png,1.0,True
F1456.png,1.0,True
F1457.png,1.0,True
F1458.png,1.0,True
F1459.png,1.0,True
F146.png,0.0,False
F1460.png,1.0,True
F1461.png,1.0,True
F1462.png,0.0,False
F1463.png,0.0,False
F1464.png,1.0,True
F1465.png,0.0,False
F1466.png,1.0,True
F1467.png,0.0,False
F1468.png,1.0,True
F1469.png,1.0,True
F147.png,1.0,True
F1470.png,1.0,True
F1471.png,1.0,True
F1472.png,1.0,True
F1473.png,0.0,False
F1474.png,1.0,True
F1475.png,1.0,True
F1476.png,1.0,True
F1477.png,1.0,True
F1478.png,1.0,True
F1479.png,0.0,False
F148.png,1.0,True
F1480.png,1.0,True
F1481.png,1.0,True
F1482.png,1.0,True
F1483.png,1.0,True
F1484.png,1.0,True
F1485.png,1.0,True
F1486.png,0.0,False
F1487.png,1.0,True
F1488.png,1.0,True
F1489.png,1.0,True
F149.png,0.0,False
F1490.png,1.0,True
F1491.png,1.0,True
F1492.png,1.0,True
F1493.png,1.0,True
F1494.png,0.0,False
F1495.png,1.0,True
F1496.png,1.0,True
F1497.png,1.0,True
F1498.png,1.0,True
F1499.png,1.0,True
F15.png,1.0,True
F150.png,0.0,False
F1500.png,1.0,True
F1501.png,1.0,True
F1502.png,1.0,True
F1503.png,1.0,True
F1504.png,1.0,True
F1505.png,1.0,True
F1506.png,1.0,True
F1507.png,1.0,True
F1508.png,1.0,True
F1509.png,1.0,True
F151.png,1.0,True
F1510.png,1.0,True
F1511.png,1.0,True
F1512.png,1.0,True
F1513.png,1.0,True
F1514.png,1.0,True
F1515.png,1.0,True
F1516.png,1.0,True
F1517.png,1.0,True
F1518.png,1.0,True
F1519.png,1.0,True
F152.png,1.0,True
F1520.png,1.0,True
F1521.png,1.0,True
F1522.png,1.0,True
F1523.png,1.0,True
F1524.png,1.0,True
F1525.png,1.0,True
F1526.png,1.0,True
F1527.png,1.0,True
F1528.png,1.0,True
F1529.png,1.0,True
F153.png,0.0,False
F1530.png,1.0,True
F1531.png,1.2531103e-21,False
F1532.png,1.0,True
F1533.png,1.0,True
F1534.png,1.0,True
F1535.png,1.0,True
F1536.png,5.021387e-27,False
F1537.png,1.0,True
F1538.png,1.0,True
F1539.png,1.0,True
F154.png,1.0,True
F1540.png,1.0,True
F1541.png,1.0,True
F1542.png,1.0,True
F1543.png,1.0,True
F1544.png,1.0,True
F1545.png,1.0,True
F1546.png,0.0,False
F1547.png,0.0,False
F1548.png,1.0,True
F1549.png,1.0,True
F155.png,0.0,False
F1550.png,1.0,True
F1551.png,1.0,True
F1552.png,1.0,True
F1553.png,0.0,False
F1554.png,1.0,True
F1555.png,1.0,True
F1556.png,1.0,True
F1557.png,1.0,True
F1558.png,1.0,True
F1559.png,1.0,True
F156.png,0.0,False
F1560.png,1.0,True
F1561.png,1.0,True
F1562.png,1.0,True
F1563.png,1.0,True
F1564.png,1.0,True
F1565.png,1.0,True
F1566.png,1.0,True
F1567.png,0.0,False
F1568.png,1.0,True
F1569.png,1.0,True
F157.png,1.0,True
F1570.png,1.0,True
F1571.png,1.0,True
F1572.png,1.0,True
F1573.png,9.435451e-27,False
F1574.png,1.0,True
F1575.png,1.0,True
F1576.png,1.0,True
F1577.png,1.0,True
F1578.png,1.0,True
F1579.png,1.0,True
F158.png,1.0,True
F1580.png,1.0,True
F1581.png,1.0,True
F1582.png,1.0,True
F1583.png,1.0,True
F1584.png,0.0,False
F1585.png,0.0,False
F1586.png,1.4397942e-11,False
F1587.png,1.0,True
F1588.png,0.0,False
F1589.png,1.0,True
F159.png,1.0,True
F1590.png,1.0,True
F1591.png,0.0,False
F1592.png,1.0,True
F1593.png,1.0,True
F1594.png,1.0,True
F1595.png,1.0,True
F1596.png,1.0,True
F1597.png,1.0,True
F1598.png,1.0,True
F1599.png,1.0,True
F16.png,1.0,True
F160.png,1.0,True
F1600.png,1.0,True
F1601.png,1.0,True
F1602.png,1.0,True
F1603.png,0.0,False
F1604.png,0.0,False
F1605.png,1.0,True
F1606.png,1.0,True
F1607.png,1.0,True
F1608.png,1.0,True
F1609.png,1.0,True
F161.png,1.0,True
F1610.png,1.0,True
F1611.png,1.0,True
F1612.png,1.0,True
F1613.png,1.0,True
F1614.png,1.0,True
F1615.png,1.0,True
F1616.png,1.0,True
F1617.png,1.0,True
F1618.png,1.0,True
F1619.png,1.0,True
F162.png,1.0,True
F1620.png,1.0,True
F1621.png,0.0,False
F1622.png,1.0,True
F1623.png,1.0,True
F1624.png,1.0,True
F1625.png,1.0,True
F1626.png,1.0,True
F1627.png,1.0,True
F1628.png,1.0,True
F1629.png,1.0,True
F163.png,1.0,True
F1630.png,1.0,True
F1631.png,1.0,True
F1632.png,1.0,True
F1633.png,1.0,True
F1634.png,1.0,True
F1635.png,1.0,True
F1636.png,1.0,True
F1637.png,1.0,True
F1638.png,1.0,True
F1639.png,1.0,True
F164.png,1.0,True
F1640.png,1.0,True
F1641.png,1.0,True
F1642.png,1.0,True
F1643.png,1.0,True
F1644.png,1.0,True
F1645.png,1.0,True
F1646.png,1.0,True
F1647.png,1.0,True
F1648.png,1.0,True
F1649.png,1.0,True
F165.png,1.0,True
F1650.png,1.0,True
F1651.png,1.0,True
F1652.png,1.0,True
F1653.png,1.0,True
F1654.png,1.0,True
F1655.png,1.0,True
F1656.png,1.0,True
F1657.png,1.0,True
F1658.png,1.0,True
F1659.png,1.0,True
F166.png,1.0,True
F1660.png,1.0,True
F1661.png,1.0,True
F1662.png,1.0,True
F1663.png,1.0,True
F1664.png,1.0,True
F1665.png,1.0,True
F1666.png,1.0,True
F1667.png,1.0,True
F1668.png,1.0,True
F1669.png,1.0,True
F167.png,1.0,True
F1670.png,1.0,True
F1671.png,1.0,True
F1672.png,0.0,False
F1673.png,1.0,True
F1674.png,1.0,True
F1675.png,1.0,True
F1676.png,1.0,True
F1677.png,1.0,True
F1678.png,1.0,True
F1679.png,1.0,True
F168.png,1.0,True
F1680.png,1.0,True
F1681.png,1.0,True
F1682.png,1.0,True
F1683.png,1.0,True
F1684.png,1.0,True
F1685.png,1.0,True
F1686.png,1.0,True
F1687.png,1.0,True
F1688.png,1.0,True
F1689.png,1.0,True
F169.png,1.0,True
F1690.png,1.0,True
F1691.png,1.0,True
F1692.png,0.0,False
F1693.png,1.0,True
F1694.png,1.0,True
F1695.png,1.0,True
F1696.png,1.0,True
F1697.png,0.0,False
F1698.png,1.0,True
F1699.png,1.0,True
F17.png,1.0,True
F170.png,1.0,True
F1700.png,1.0,True
F1701.png,1.0,True
F1702.png,1.0,True
F1703.png,1.0,True
F1704.png,1.0,True
F1705.png,1.0,True
F1706.png,1.0,True
F1707.png,1.0,True
F1708.png,1.0,True
F1709.png,1.0,True
F171.png,1.0,True
F1710.png,1.0,True
F1711.png,1.0,True
F1712.png,1.0,True
F1713.png,1.0,True
F1714.png,1.0,True
F1715.png,0.0,False
F1716.png,0.0,False
F1717.png,1.0,True
F1718.png,1.0,True
F1719.png,1.0,True
F172.png,1.0,True
F1720.png,1.0,True
F1721.png,1.0,True
F1722.png,1.0,True
F1723.png,0.0,False
F1724.png,7.340287e-22,False
F1725.png,0.0,False
F1726.png,1.0,True
F1727.png,1.0,True
F1728.png,1.0,True
F1729.png,1.0,True
F173.png,1.0,True
F1730.png,1.0,True
F1731.png,1.0,True
F1732.png,1.0,True
F1733.png,1.0,True
F1734.png,1.0,True
F1735.png,1.0,True
F1736.png,1.0,True
F1737.png,1.0,True
F1738.png,1.0,True
F1739.png,1.0,True
F174.png,1.0,True
F1740.png,0.0,False
F1741.png,1.0,True
F1742.png,1.0,True
F1743.png,1.0,True
F1744.png,0.0,False
F1745.png,1.0,True
F1746.png,0.0,False
F1747.png,1.0,True
F1748.png,1.0,True
F1749.png,1.0,True
F175.png,1.0,True
F1750.png,1.0,True
F1751.png,1.0,True
F1752.png,0.0,False
F1753.png,1.0,True
F1754.png,1.0,True
F1755.png,1.0,True
F1756.png,1.0,True
F1757.png,1.0,True
F1758.png,1.0,True
F1759.png,1.0,True
F176.png,0.0,False
F1760.png,1.0,True
F1761.png,1.0,True
F1762.png,1.0,True
F1763.png,1.0,True
F1764.png,1.0,True
F1765.png,1.0,True
F1766.png,1.0,True
F1767.png,1.0,True
F1768.png,1.0,True
F1769.png,1.0,True
F177.png,1.0,True
F1770.png,1.0,True
F1771.png,1.0,True
F1772.png,1.0,True
F1773.png,1.0,True
F1774.png,1.0,True
F1775.png,1.0,True
F1776.png,1.0,True
F1777.png,6.163788e-05,False
F1778.png,1.0,True
F1779.png,1.0,True
F178.png,1.0,True
F1780.png,1.0,True
F1781.png,1.0,True
F1782.png,1.0,True
F1783.png,1.0,True
F1784.png,1.0,True
F1785.png,1.0,True
F1786.png,1.0,True
F1787.png,1.0,True
F1788.png,1.0,True
F1789.png,1.0,True
F179.png,1.0,True
F1790.png,1.0,True
F1791.png,1.0,True
F1792.png,1.0,True
F1793.png,1.0,True
F1794.png,1.0,True
F1795.png,1.0,True
F1796.png,1.0,True
F1797.png,1.0,True
F1798.png,1.0,True
F1799.png,1.0,True
F18.png,1.0,True
F180.png,1.0,True
F1800.png,1.0,True
F1801.png,1.0,True
F1802.png,1.0,True
F1803.png,0.0,False
F1804.png,1.0,True
F1805.png,1.0,True
F1806.png,1.0,True
F1807.png,1.0,True
F1808.png,1.0,True
F1809.png,1.0,True
F181.png,1.0,True
F1810.png,1.0,True
F1811.png,0.0,False
F1812.png,1.0,True
F1813.png,1.0,True
F1814.png,2.877397e-20,False
F1815.png,1.0,True
F1816.png,1.0,True
F1817.png,1.0,True
F1818.png,1.0,True
F1819.png,1.0,True
F182.png,1.0,True
F1820.png,1.0,True
F1821.png,1.0,True
F1822.png,1.0,True
F1823.png,1.0,True
F1824.png,1.0,True
F1825.png,1.0,True
F1826.png,1.0,True
F1827.png,1.0,True
F1828.png,1.0,True
F1829.png,1.0,True
F183.png,1.0,True
F1830.png,1.0,True
F1831.png,1.0,True
F1832.png,1.0,True
F1833.png,1.0,True
F1834.png,1.0,True
F1835.png,1.0,True
F1836.png,1.0,True
F1837.png,1.0,True
F1838.png,1.0,True
F1839.png,1.0,True
F184.png,1.0,True
F1840.png,1.0,True
F1841.png,1.0,True
F1842.png,1.0,True
F1843.png,1.0,True
F1844.png,1.0,True
F1845.png,1.0,True
F1846.png,1.0,True
F1847.png,1.0,True
F1848.png,1.0,True
F1849.png,1.0,True
F185.png,1.0,True
F1850.png,1.0,True
F1851.png,1.0,True
F1852.png,9.470391e-20,False
F1853.png,1.0,True
F1854.png,1.0,True
F1855.png,1.0,True
F1856.png,1.0,True
F1857.png,1.0,True
F1858.png,1.0,True
F1859.png,1.0,True
F186.png,0.0,False
F1860.png,1.0,True
F1861.png,5.808664e-36,False
F1862.png,1.0,True
F1863.png,1.0,True
F1864.png,1.0,True
F1865.png,1.0,True
F1866.png,1.0,True
F1867.png,1.0,True
F1868.png,1.0,True
F1869.png,0.0,False
F187.png,0.0,False
F1870.png,1.0,True
F1871.png,1.0,True
F1872.png,1.0,True
F1873.png,0.0,False
F1874.png,1.0,True
F1875.png,1.0,True
F1876.png,1.0,True
F1877.png,1.0,True
F1878.png,1.0,True
F1879.png,1.0,True
F188.png,1.0,True
F1880.png,1.0,True
F1881.png,1.0,True
F1882.png,1.0,True
F1883.png,1.0,True
F1884.png,1.0,True
F1885.png,1.0,True
F1886.png,1.0,True
F1887.png,1.0,True
F1888.png,1.0,True
F1889.png,1.0,True
F189.png,1.0,True
F1890.png,1.0,True
F1891.png,1.0,True
F1892.png,1.0,True
F1893.png,1.0,True
F1894.png,1.0,True
F1895.png,1.0,True
F1896.png,1.0,True
F1897.png,1.0,True
F1898.png,1.0,True
F1899.png,1.0,True
F19.png,1.0,True
F190.png,1.0,True
F1900.png,1.0,True
F1901.png,1.0,True
F1902.png,1.0,True
F1903.png,1.0,True
F1904.png,1.0,True
F1905.png,1.0,True
F1906.png,1.0,True
F1907.png,1.0,True
F1908.png,1.0,True
F1909.png,1.0,True
F191.png,1.0,True
F1910.png,1.0,True
F1911.png,1.0,True
F1912.png,1.0,True
F1913.png,1.0,True
F1914.png,1.0,True
F1915.png,1.0,True
F1916.png,1.0,True
F1917.png,1.0,True
F1918.png,1.0,True
F1919.png,1.0,True
F192.png,0.0,False
F1920.png,1.0,True
F1921.png,1.0,True
F1922.png,1.0,True
F1923.png,1.0,True
F1924.png,1.0,True
F1925.png,1.0,True
F1926.png,1.0,True
F1927.png,1.0,True
F1928.png,1.0,True
F1929.png,1.0,True
F193.png,0.0,False
F1930.png,1.0,True
F1931.png,1.0,True
F1932.png,1.0,True
F1933.png,1.0,True
F1934.png,1.0,True
F1935.png,1.0,True
F1936.png,1.0,True
F1937.png,0.0,False
F1938.png,1.0,True
F1939.png,1.0,True
F194.png,1.0,True
F1940.png,1.0,True
F1941.png,1.0,True
F1942.png,1.0,True
F1943.png,1.0,True
F1944.png,1.0,True
F1945.png,1.0,True
F1946.png,1.0,True
F1947.png,1.0,True
F1948.png,1.0,True
F1949.png,1.0,True
F195.png,1.0,True
F1950.png,1.0,True
F1951.png,1.0,True
F1952.png,1.0,True
F1953.png,1.0,True
F1954.png,1.0,True
F1955.png,1.0,True
F1956.png,1.0,True
F1957.png,1.0,True
F1958.png,1.0,True
F1959.png,1.0,True
F196.png,1.0,True
F1960.png,1.0,True
F1961.png,1.0,True
F1962.png,1.0,True
F1963.png,1.0,True
F1964.png,1.0,True
F1965.png,1.0,True
F1966.png,1.0,True
F1967.png,1.0,True
F1968.png,1.0,True
F1969.png,1.0,True
F197.png,1.0,True
F1970.png,1.0,True
F1971.png,1.0,True
F1972.png,1.0,True
F1973.png,1.0,True
F1974.png,1.0,True
F1975.png,1.0,True
F1976.png,1.0,True
F1977.png,1.0,True
F1978.png,1.0,True
F1979.png,1.0,True
F198.png,1.0,True
F1980.png,1.0,True
F1981.png,1.0,True
F1982.png,1.0,True
F1983.png,1.0,True
F1984.png,1.0,True
F1985.png,1.0,True
F1986.png,1.0,True
F1987.png,1.0,True
F1988.png,1.0,True
F1989.png,1.0,True
F199.png,1.0,True
F1990.png,1.0,True
F1991.png,1.0,True
F1992.png,1.0,True
F1993.png,1.0,True
F1994.png,1.0,True
F1995.png,1.0,True
F1996.png,1.0,True
F1997.png,1.0,True
F1998.png,1.0,True
F1999.png,1.0,True
F2.png,1.0,True
F20.png,1.0,True
F200.png,1.0,True
F2000.png,1.0,True
F2001.png,1.0,True
F2002.png,1.0,True
F2003.png,1.0,True
F2004.png,1.0,True
F2005.png,1.0,True
F2006.png,1.0,True
F2007.png,1.0,True
F2008.png,1.0,True
F2009.png,1.0,True
F201.png,1.0,True
F2010.png,0.0,False
F2011.png,1.0,True
F2012.png,1.0,True
F2013.png,1.0,True
F2014.png,1.0,True
F2015.png,1.0,True
F2016.png,1.0,True
F2017.png,0.0,False
F2018.png,1.0,True
F2019.png,0.0,False
F202.png,1.0,True
F2020.png,0.0,False
F2021.png,1.0,True
F2022.png,1.0,True
F2023.png,1.0,True
F2024.png,1.0,True
F2025.png,1.0,True
F2026.png,1.0,True
F2027.png,0.0,False
F2028.png,1.0,True
F2029.png,1.0,True
F203.png,1.0,True
F2030.png,1.0,True
F2031.png,0.0,False
F2032.png,1.0,True
F2033.png,1.0,True
F2034.png,1.0,True
F2035.png,1.0,True
F2036.png,1.0,True
F2037.png,1.0,True
F2038.png,1.0,True
F2039.png,1.0,True
F204.png,1.0,True
F2040.png,1.0,True
F2041.png,1.0,True
F2042.png,1.0,True
F2043.png,1.0,True
F2044.png,0.9989748,True
F2045.png,1.0,True
F2046.png,1.0,True
F2047.png,1.0,True
F2048.png,1.0,True
F2049.png,1.0,True
F205.png,1.0,True
F2050.png,1.0,True
F2051.png,1.0,True
F2052.png,1.0,True
F2053.png,1.0,True
F2054.png,1.0,True
F2055.png,1.0,True
F2056.png,1.0,True
F2057.png,1.0,True
F2058.png,1.0,True
F2059.png,1.0,True
F206.png,1.0,True
F2060.png,1.0,True
F2061.png,1.0,True
F2062.png,1.0,True
F2063.png,0.0,False
F2064.png,1.0,True
F2065.png,1.0,True
F2066.png,0.0,False
F2067.png,0.0,False
F2068.png,0.0,False
F2069.png,1.0,True
F207.png,0.0,False
F2070.png,1.0,True
F2071.png,1.0,True
F2072.png,1.0,True
F2073.png,1.0,True
F2074.png,1.0,True
F2075.png,1.0,True
F2076.png,1.0,True
F2077.png,1.0,True
F2078.png,1.0,True
F2079.png,1.0,True
F208.png,1.0,True
F2080.png,1.0,True
F2081.png,1.0,True
F2082.png,1.0,True
F2083.png,1.0,True
F2084.png,1.0,True
F2085.png,1.0,True
F2086.png,1.0,True
F2087.png,1.0,True
F2088.png,1.0,True
F2089.png,1.0,True
F209.png,1.0,True
F2090.png,1.0,True
F2091.png,1.0,True
F2092.png,1.0,True
F2093.png,1.0,True
F2094.png,1.0,True
F2095.png,1.0,True
F2096.png,1.0,True
F2097.png,1.0,True
F2098.png,1.0,True
F2099.png,1.0,True
F21.png,1.0,True
F210.png,1.0,True
F2100.png,1.0,True
F2101.png,1.0,True
F2102.png,1.0,True
F2103.png,1.0,True
F2104.png,1.0,True
F2105.png,1.0,True
F2106.png,1.0,True
F2107.png,1.0,True
F2108.png,1.0,True
F2109.png,1.0,True
F211.png,1.0,True
F2110.png,1.0,True
F2111.png,1.0,True
F2112.png,1.0,True
F2113.png,1.0,True
F2114.png,1.0,True
F2115.png,1.0,True
F2116.png,1.0,True
F2117.png,1.0,True
F2118.png,1.0,True
F2119.png,1.0,True
F212.png,1.0,True
F2120.png,1.0,True
F2121.png,1.0,True
F2122.png,1.0,True
F2123.png,1.0,True
F2124.png,1.0,True
F2125.png,1.0,True
F2126.png,0.0,False
F2127.png,1.0,True
F2128.png,1.0,True
F2129.png,1.0,True
F213.png,1.0,True
F2130.png,1.0,True
F2131.png,1.0,True
F2132.png,1.0,True
F2133.png,1.0,True
F2134.png,1.0,True
F2135.png,1.0,True
F2136.png,1.7753683e-17,False
F2137.png,1.0,True
F2138.png,1.0,True
F2139.png,1.0,True
F214.png,1.0,True
F2140.png,1.0,True
F2141.png,1.0,True
F2142.png,1.0,True
F2143.png,1.0,True
F2144.png,1.0,True
F2145.png,1.0,True
F2146.png,1.0,True
F2147.png,1.080259e-17,False
F2148.png,1.0,True
F2149.png,1.0,True
F215.png,1.0,True
F2150.png,1.0,True
F2151.png,1.0,True
F2152.png,0.0,False
F2153.png,1.0,True
F2154.png,1.0,True
F2155.png,1.0,True
F2156.png,1.0,True
F2157.png,1.0,True
F2158.png,0.0,False
F2159.png,0.0,False
F216.png,1.0,True
F2160.png,1.0,True
F2161.png,1.0,True
F2162.png,1.0,True
F2163.png,1.0,True
F2164.png,1.0,True
F2165.png,1.0,True
F2166.png,1.0,True
F2167.png,1.0,True
F2168.png,1.2782631e-08,False
F2169.png,1.0,True
F217.png,1.0,True
F2170.png,1.0,True
F2171.png,1.0,True
F2172.png,0.0,False
F2173.png,1.0,True
F2174.png,1.0,True
F2175.png,1.0,True
F2176.png,1.0,True
F2177.png,1.0,True
F2178.png,1.0,True
F2179.png,1.0,True
F218.png,1.0,True
F2180.png,1.0,True
F2181.png,1.0,True
F2182.png,1.0,True
F2183.png,1.0,True
F2184.png,1.0,True
F2185.png,1.0,True
F2186.png,1.0,True
F2187.png,1.0,True
F2188.png,1.0,True
F2189.png,1.0,True
F219.png,0.0,False
F2190.png,1.0,True
F2191.png,1.0,True
F2192.png,1.0,True
F2193.png,1.0,True
F2194.png,1.0,True
F2195.png,1.0,True
F2196.png,1.0,True
F2197.png,1.0,True
F2198.png,1.0,True
F2199.png,1.0,True
F22.png,1.0,True
F220.png,0.0,False
F2200.png,1.0,True
F2201.png,1.0,True
F2202.png,1.0,True
F2203.png,1.0,True
F2204.png,1.0,True
F2205.png,1.0,True
F2206.png,1.0,True
F2207.png,1.0,True
F2208.png,1.0,True
F2209.png,1.0,True
F221.png,0.0,False
F2210.png,1.0,True
F2211.png,1.0,True
F2212.png,1.0,True
F2213.png,1.0,True
F2214.png,1.0,True
F2215.png,1.0,True
F2216.png,1.0,True
F2217.png,1.0,True
F2218.png,1.0,True
F2219.png,1.0,True
F222.png,1.0,True
F2220.png,0.0,False
F2221.png,1.0,True
F2222.png,1.0,True
F2223.png,1.0,True
F2224.png,1.0,True
F2225.png,1.0,True
F2226.png,1.0,True
F2227.png,1.0,True
F2228.png,1.0,True
F2229.png,1.0,True
F223.png,1.0,True
F2230.png,1.0,True
F2231.png,1.0,True
F2232.png,1.0,True
F2233.png,1.0,True
F2234.png,1.0,True
F2235.png,1.0,True
F2236.png,1.0,True
F2237.png,1.0,True
F2238.png,1.0,True
F2239.png,1.0,True
F224.png,1.0,True
F2240.png,1.0,True
F2241.png,1.0,True
F2242.png,1.0,True
F2243.png,1.0,True
F2244.png,1.0,True
F2245.png,1.0,True
F2246.png,1.0,True
F2247.png,1.0,True
F2248.png,1.0,True
F2249.png,1.0,True
F225.png,1.0,True
F2250.png,1.0,True
F2251.png,1.0,True
F2252.png,1.0,True
F2253.png,1.0,True
F2254.png,1.0,True
F2255.png,1.0,True
F2256.png,1.0,True
F2257.png,1.0,True
F2258.png,1.0,True
F2259.png,0.0,False
F226.png,1.0,True
F2260.png,1.0,True
F2261.png,1.0,True
F2262.png,0.0,False
F2263.png,1.0,True
F2264.png,1.0,True
F2265.png,1.0,True
F2266.png,1.0,True
F2267.png,0.0,False
F2268.png,1.0,True
F2269.png,1.0,True
F227.png,1.0,True
F2270.png,1.0,True
F2271.png,1.0,True
F2272.png,1.0,True
F2273.png,0.0,False
F2274.png,1.0,True
F2275.png,2.4769078e-19,False
F2276.png,0.0,False
F2277.png,1.0,True
F2278.png,1.0,True
F2279.png,1.0,True
F228.png,1.0,True
F2280.png,1.0,True
F2281.png,1.0,True
F2282.png,1.0,True
F2283.png,1.0,True
F2284.png,1.0,True
F2285.png,1.0,True
F2286.png,1.0,True
F2287.png,1.0,True
F2288.png,1.0,True
F2289.png,1.0,True
F229.png,1.0,True
F2290.png,1.0,True
F2291.png,1.0,True
F2292.png,1.0,True
F2293.png,1.0,True
F2294.png,1.0,True
F2295.png,1.0,True
F2296.png,1.0,True
F2297.png,1.0,True
F2298.png,1.0,True
F2299.png,1.0,True
F23.png,1.0,True
F230.png,1.0,True
F2300.png,1.0,True
F2301.png,1.0,True
F2302.png,1.0,True
F2303.png,1.0,True
F2304.png,1.0,True
F2305.png,1.0,True
F2306.png,1.0,True
F2307.png,1.0,True
F2308.png,1.0,True
F2309.png,0.0,False
F231.png,0.0,False
F2310.png,1.0,True
F2311.png,1.0,True
F2312.png,1.0,True
F2313.png,1.0,True
F2314.png,1.0,True
F2315.png,1.0,True
F2316.png,1.0,True
F2317.png,1.0,True
F2318.png,0.0,False
F2319.png,1.0,True
F232.png,1.0,True
F2320.png,1.0,True
F2321.png,1.0,True
F2322.png,0.0,False
F2323.png,1.0,True
F2324.png,1.0,True
F2325.png,1.0,True
F2326.png,1.0,True
F2327.png,1.0,True
F2328.png,0.0,False
F2329.png,1.0,True
F233.png,1.0,True
F2330.png,1.0,True
F2331.png,1.0,True
F2332.png,1.0,True
F2333.png,1.0,True
F2334.png,1.0,True
F2335.png,0.0,False
F2336.png,1.0,True
F2337.png,1.0,True
F2338.png,1.0,True
F2339.png,0.0,False
F234.png,1.0,True
F2340.png,1.0,True
F2341.png,1.0,True
F2342.png,1.0,True
F2343.png,1.0,True
F2344.png,1.0,True
F2345.png,1.0,True
F2346.png,1.0,True
F2347.png,1.0,True
F2348.png,1.0,True
F2349.png,1.0,True
F235.png,1.0,True
F2350.png,1.0,True
F2351.png,1.0,True
F2352.png,1.0,True
F2353.png,0.0,False
F2354.png,1.0,True
F2355.png,1.0,True
F2356.png,1.0,True
F2357.png,1.0,True
F2358.png,1.0,True
F2359.png,1.0,True
F236.png,0.0,False
F2360.png,1.0,True
F2361.png,1.0,True
F2362.png,0.0,False
F2363.png,1.0,True
F2364.png,1.0,True
F2365.png,1.0,True
F2366.png,1.0,True
F2367.png,1.0,True
F2368.png,1.0,True
F2369.png,0.0,False
F237.png,1.0,True
F2370.png,1.0,True
F2371.png,0.0,False
F2372.png,1.0,True
F2373.png,1.0,True
F2374.png,1.0,True
F2375.png,1.0,True
F2376.png,1.0,True
F2377.png,1.0,True
F2378.png,1.0,True
F2379.png,1.0,True
F238.png,1.0,True
F2380.png,1.0,True
F2381.png,1.0,True
F2382.png,1.0,True
F2383.png,1.0,True
F2384.png,1.0,True
F2385.png,1.0,True
F2386.png,1.0,True
F2387.png,1.0,True
F2388.png,1.0,True
F2389.png,1.0,True
F239.png,0.0,False
F2390.png,1.0,True
F2391.png,1.0,True
F2392.png,1.0,True
F2393.png,1.0,True
F2394.png,1.0,True
F2395.png,1.0,True
F2396.png,1.0,True
F2397.png,1.0,True
F2398.png,1.0,True
F2399.png,1.0,True
F24.png,1.0,True
F240.png,1.0,True
F2400.png,1.0,True
F2401.png,1.0,True
F2402.png,1.0,True
F2403.png,1.0,True
F2404.png,1.0,True
F2405.png,1.0,True
F2406.png,1.0,True
F2407.png,1.0,True
F2408.png,1.0,True
F2409.png,1.0,True
F241.png,1.0,True
F2410.png,1.0,True
F2411.png,1.0,True
F2412.png,1.0,True
F2413.png,1.0,True
F2414.png,1.0,True
F2415.png,1.0,True
F2416.png,1.0,True
F2417.png,1.0,True
F2418.png,1.0,True
F2419.png,1.0,True
F242.png,1.0,True
F2420.png,1.0,True
F2421.png,1.0,True
F2422.png,1.0,True
F2423.png,1.0,True
F2424.png,0.0,False
F2425.png,0.0,False
F2426.png,1.0,True
F2427.png,1.0,True
F2428.png,1.0,True
F2429.png,0.0,False
F243.png,1.0,True
F2430.png,1.0,True
F2431.png,1.0,True
F2432.png,1.0,True
F2433.png,1.0,True
F2434.png,1.0,True
F2435.png,1.0,True
F2436.png,1.0,True
F2437.png,1.0,True
F2438.png,6.3490326e-27,False
F2439.png,1.0,True
F244.png,1.0,True
F2440.png,1.0,True
F2441.png,1.0,True
F2442.png,1.0,True
F2443.png,1.0,True
F2444.png,1.0,True
F2445.png,0.0,False
F2446.png,1.0,True
F2447.png,1.0,True
F2448.png,1.0,True
F2449.png,1.0,True
F245.png,1.0,True
F2450.png,1.0,True
F2451.png,1.0,True
F2452.png,1.0,True
F2453.png,1.0,True
F2454.png,1.0,True
F2455.png,1.0,True
F2456.png,1.0,True
F2457.png,1.0,True
F2458.png,1.0,True
F2459.png,1.0,True
F246.png,1.0,True
F2460.png,1.0,True
F2461.png,1.0,True
F2462.png,1.0,True
F2463.png,1.0,True
F2464.png,1.0,True
F2465.png,1.0,True
F2466.png,1.0,True
F2467.png,1.0,True
F2468.png,1.0,True
F2469.png,1.0,True
F247.png,1.0,True
F2470.png,1.0,True
F2471.png,1.0,True
F2472.png,1.0,True
F2473.png,1.0,True
F2474.png,1.0,True
F2475.png,1.0,True
F2476.png,0.0,False
F2477.png,1.0,True
F2478.png,1.0,True
F2479.png,1.0,True
F248.png,1.0,True
F2480.png,1.0,True
F2481.png,1.0,True
F2482.png,1.0,True
F2483.png,1.0,True
F2484.png,1.0,True
F2485.png,1.0,True
F2486.png,1.0,True
F2487.png,1.0,True
F2488.png,1.0,True
F2489.png,1.0,True
F249.png,1.0,True
F2490.png,1.0,True
F2491.png,1.0,True
F2492.png,0.0,False
F2493.png,1.0,True
F2494.png,1.0,True
F2495.png,1.0,True
F2496.png,1.0,True
F2497.png,1.0,True
F2498.png,1.0,True
F2499.png,1.0,True
F25.png,1.0,True
F250.png,1.0,True
F2500.png,1.0,True
F2501.png,1.0,True
F2502.png,1.0,True
F2503.png,1.0,True
F2504.png,1.0,True
F2505.png,1.0,True
F2506.png,0.0,False
F2507.png,0.0,False
F2508.png,0.0,False
F2509.png,1.0,True
F251.png,1.0,True
F2510.png,1.0,True
F2511.png,1.0,True
F2512.png,1.0,True
F2513.png,1.0,True
F2514.png,0.0,False
F2515.png,1.0,True
F2516.png,1.0,True
F2517.png,0.0,False
F2518.png,1.0,True
F2519.png,0.0,False
F252.png,1.0,True
F2520.png,1.0,True
F2521.png,1.0,True
F2522.png,1.0,True
F2523.png,1.0,True
F2524.png,1.0,True
F2525.png,0.0,False
F2526.png,1.0,True
F2527.png,1.0,True
F2528.png,1.0,True
F2529.png,1.0,True
F253.png,0.0,False
F2530.png,1.0,True
F2531.png,1.0,True
F2532.png,1.0,True
F2533.png,1.0,True
F2534.png,1.0,True
F2535.png,1.0,True
F2536.png,1.0,True
F2537.png,1.0,True
F2538.png,0.0,False
F2539.png,1.0,True
F254.png,1.0,True
F2540.png,1.0,True
F2541.png,1.0,True
F2542.png,1.0,True
F2543.png,1.0,True
F2544.png,1.0,True
F2545.png,1.0,True
F2546.png,1.0,True
F2547.png,1.0,True
F2548.png,1.0,True
F2549.png,1.0,True
F255.png,0.0,False
F2550.png,1.0,True
F2551.png,0.0,False
F2552.png,1.0,True
F2553.png,0.0,False
F2554.png,1.0,True
F2555.png,1.0,True
F2556.png,0.0,False
F2557.png,0.89314175,True
F2558.png,1.0,True
F2559.png,1.0,True
F256.png,1.0,True
F2560.png,0.0,False
F2561.png,1.0,True
F2562.png,0.0,False
F2563.png,1.0,True
F2564.png,1.0,True
F2565.png,1.0,True
F2566.png,1.0,True
F2567.png,1.0,True
F2568.png,1.0,True
F2569.png,1.0,True
F257.png,1.0,True
F2570.png,1.0,True
F2571.png,1.0,True
F2572.png,1.0,True
F2573.png,1.0,True
F2574.png,1.0,True
F2575.png,1.0,True
F2576.png,1.0,True
F2577.png,1.0,True
F2578.png,1.0,True
F2579.png,1.0,True
F258.png,1.0,True
F2580.png,1.0,True
F2581.png,1.0,True
F2582.png,1.0,True
F2583.png,1.0,True
F2584.png,1.0,True
F2585.png,1.0,True
F2586.png,1.0,True
F2587.png,1.0,True
F2588.png,1.0,True
F2589.png,1.0,True
F259.png,1.0,True
F2590.png,1.0,True
F2591.png,0.0,False
F2592.png,0.0,False
F2593.png,1.0,True
F2594.png,1.0,True
F2595.png,1.0,True
F2596.png,0.0,False
F2597.png,1.0,True
F2598.png,1.0,True
F2599.png,1.0,True
F26.png,1.0,True
F260.png,1.0,True
F2600.png,1.0,True
F2601.png,1.0,True
F2602.png,0.0,False
F2603.png,1.0,True
F2604.png,1.0,True
F2605.png,1.0,True
F2606.png,1.0,True
F2607.png,1.0,True
F2608.png,0.0,False
F2609.png,1.0,True
F261.png,1.0,True
F2610.png,0.0,False
F2611.png,0.0,False
F2612.png,1.0,True
F2613.png,1.0,True
F2614.png,1.0,True
F2615.png,1.0,True
F2616.png,0.0,False
F2617.png,1.0,True
F2618.png,1.0,True
F2619.png,1.0,True
F262.png,1.0,True
F2620.png,1.0,True
F2621.png,1.0,True
F2622.png,0.0024039447,False
F2623.png,1.0,True
F2624.png,1.0,True
F2625.png,1.0,True
F2626.png,1.0,True
F2627.png,1.0,True
F2628.png,1.0,True
F2629.png,1.0,True
F263.png,1.0,True
F2630.png,1.0,True
F2631.png,1.0,True
F2632.png,1.0,True
F2633.png,1.0,True
F2634.png,1.0,True
F2635.png,1.0,True
F2636.png,1.0,True
F2637.png,0.99977195,True
F2638.png,1.0,True
F2639.png,1.0,True
F264.png,1.0,True
F2640.png,0.0,False
F2641.png,1.0,True
F2642.png,1.0,True
F2643.png,1.0,True
F2644.png,1.0,True
F2645.png,1.0,True
F2646.png,1.0,True
F2647.png,1.0,True
F2648.png,1.0,True
F2649.png,1.0,True
F265.png,0.0,False
F2650.png,1.0,True
F2651.png,1.0,True
F2652.png,1.0,True
F2653.png,1.0,True
F2654.png,1.0,True
F2655.png,1.0,True
F2656.png,1.0,True
F2657.png,1.0,True
F2658.png,1.0,True
F2659.png,1.0,True
F266.png,1.0,True
F2660.png,1.0,True
F2661.png,1.0,True
F2662.png,1.0,True
F2663.png,1.0,True
F2664.png,0.0,False
F2665.png,1.0,True
F2666.png,1.0,True
F2667.png,1.0,True
F2668.png,1.0,True
F2669.png,1.0,True
F267.png,1.0,True
F2670.png,1.0,True
F2671.png,1.0,True
F2672.png,1.0,True
F2673.png,1.0,True
F2674.png,1.0,True
F2675.png,1.0,True
F2676.png,1.0,True
F2677.png,1.0,True
F2678.png,1.0,True
F2679.png,1.0,True
F268.png,1.0,True
F2680.png,1.0,True
F2681.png,1.0,True
F2682.png,1.0,True
F2683.png,1.0,True
F2684.png,1.0,True
F2685.png,1.0,True
F2686.png,1.0,True
F2687.png,1.0,True
F2688.png,0.0,False
F2689.png,1.0,True
F269.png,1.0,True
F2690.png,1.0,True
F2691.png,1.0,True
F2692.png,1.0,True
F2693.png,1.0,True
F2694.png,1.0,True
F2695.png,1.0,True
F2696.png,0.0,False
F2697.png,1.0,True
F2698.png,1.0,True
F2699.png,0.0,False
F27.png,1.0,True
F270.png,1.0,True
F2700.png,1.0,True
F2701.png,0.0,False
F2702.png,1.0,True
F2703.png,1.0,True
F2704.png,0.0,False
F2705.png,1.0,True
F2706.png,1.0,True
F2707.png,1.0,True
F2708.png,1.0,True
F2709.png,3.4879594e-08,False
F271.png,1.0,True
F2710.png,1.0,True
F2711.png,1.0,True
F2712.png,1.0,True
F2713.png,1.0,True
F2714.png,1.0,True
F2715.png,1.0,True
F2716.png,0.0,False
F2717.png,0.7844024,True
F2718.png,1.0,True
F2719.png,1.0,True
F272.png,1.0,True
F2720.png,1.0,True
F2721.png,1.0,True
F2722.png,1.0,True
F2723.png,1.0,True
F2724.png,1.0,True
F2725.png,1.0,True
F2726.png,0.0,False
F2727.png,1.0,True
F2728.png,1.0,True
F2729.png,1.0,True
F273.png,1.0,True
F2730.png,1.0,True
F2731.png,1.0,True
F2732.png,1.0,True
F2733.png,1.0,True
F2734.png,1.0,True
F2735.png,1.0,True
F2736.png,1.0,True
F2737.png,1.0,True
F2738.png,1.0,True
F2739.png,1.0,True
F274.png,0.0,False
F2740.png,1.0,True
F2741.png,1.0,True
F2742.png,1.0,True
F2743.png,0.0,False
F2744.png,0.0,False
F2745.png,1.0,True
F2746.png,1.0,True
F2747.png,1.0,True
F2748.png,1.0,True
F2749.png,1.0,True
F275.png,1.0,True
F2750.png,1.0,True
F2751.png,1.0,True
F2752.png,1.0,True
F2753.png,1.0,True
F2754.png,1.0,True
F2755.png,1.0,True
F2756.png,1.0,True
F2757.png,1.0,True
F2758.png,1.0,True
F2759.png,0.0,False
F276.png,1.0,True
F2760.png,1.0,True
F2761.png,1.0,True
F2762.png,1.0,True
F2763.png,1.0,True
F2764.png,1.0,True
F2765.png,0.0,False
F2766.png,1.0,True
F2767.png,1.0,True
F2768.png,0.0,False
F2769.png,0.0,False
F277.png,1.0,True
F2770.png,1.0,True
F2771.png,1.0,True
F2772.png,1.0,True
F2773.png,1.0,True
F2774.png,1.0,True
F2775.png,0.0,False
F2776.png,1.0,True
F2777.png,1.0,True
F2778.png,1.0,True
F2779.png,1.0,True
F278.png,1.0,True
F2780.png,1.0,True
F2781.png,1.0,True
F2782.png,1.0,True
F2783.png,1.0,True
F2784.png,1.0,True
F2785.png,1.0,True
F2786.png,1.0,True
F2787.png,1.0,True
F2788.png,0.0,False
F2789.png,1.0,True
F279.png,1.0,True
F2790.png,1.0,True
F2791.png,1.0,True
F2792.png,1.0,True
F2793.png,1.0,True
F2794.png,1.0,True
F2795.png,1.0,True
F2796.png,1.0,True
F2797.png,0.0,False
F2798.png,0.0,False
F2799.png,0.0,False
F28.png,1.0,True
F280.png,0.0,False
F2800.png,0.0,False
F2801.png,1.0,True
F2802.png,1.0,True
F2803.png,1.0,True
F2804.png,1.0,True
F2805.png,1.0,True
F2806.png,1.0,True
F2807.png,1.0,True
F2808.png,1.0,True
F2809.png,1.0,True
F281.png,1.0,True
F2810.png,1.0,True
F2811.png,1.0,True
F2812.png,1.0,True
F2813.png,1.0,True
F2814.png,1.0,True
F2815.png,1.0,True
F2816.png,1.0,True
F2817.png,1.0,True
F2818.png,1.0,True
F2819.png,1.0,True
F282.png,0.0,False
F2820.png,1.0,True
F2821.png,1.0,True
F2822.png,1.0,True
F2823.png,1.0,True
F2824.png,1.0,True
F2825.png,1.0,True
F2826.png,1.0,True
F2827.png,0.0,False
F2828.png,1.0,True
F2829.png,1.0,True
F283.png,1.0,True
F2830.png,1.0,True
F2831.png,0.0,False
F2832.png,1.0,True
F2833.png,1.0,True
F2834.png,1.0,True
F2835.png,0.0,False
F2836.png,1.0,True
F2837.png,1.0,True
F2838.png,1.0,True
F2839.png,0.0,False
F284.png,0.0,False
F2840.png,1.0,True
F2841.png,1.0,True
F2842.png,1.0,True
F2843.png,1.0,True
F2844.png,0.0,False
F2845.png,1.0,True
F2846.png,1.0,True
F2847.png,1.0,True
F2848.png,1.0,True
F2849.png,0.0,False
F285.png,1.0,True
F2850.png,1.0,True
F2851.png,1.0,True
F2852.png,0.0,False
F2853.png,1.0,True
F2854.png,1.0,True
F2855.png,1.0,True
F2856.png,1.0,True
F2857.png,1.0,True
F2858.png,1.0110084e-15,False
F2859.png,1.0,True
F286.png,1.0,True
F2860.png,1.0,True
F2861.png,0.0,False
F2862.png,0.0,False
F2863.png,1.0,True
F2864.png,1.0,True
F2865.png,0.0,False
F2866.png,1.0,True
F2867.png,0.0,False
F2868.png,0.0,False
F2869.png,1.0,True
F287.png,1.0,True
F2870.png,1.0,True
F2871.png,1.0,True
F2872.png,1.0,True
F2873.png,1.0,True
F2874.png,1.0,True
F2875.png,1.0,True
F2876.png,0.0,False
F2877.png,1.0,True
F2878.png,1.0,True
F2879.png,1.0,True
F288.png,1.0,True
F2880.png,1.0,True
F2881.png,0.0,False
F2882.png,1.0,True
F2883.png,0.0,False
F2884.png,1.0,True
F2885.png,1.0,True
F2886.png,1.0,True
F2887.png,1.0,True
F2888.png,1.0,True
F2889.png,0.0,False
F289.png,1.0,True
F2890.png,1.0,True
F2891.png,1.0,True
F2892.png,1.0,True
F2893.png,1.0,True
F2894.png,1.0,True
F2895.png,0.0,False
F2896.png,1.0,True
F2897.png,1.0,True
F2898.png,1.0,True
F2899.png,0.0,False
F29.png,1.0,True
F290.png,1.0,True
F2900.png,1.0,True
F2901.png,1.0,True
F2902.png,0.0,False
F2903.png,1.0,True
F2904.png,1.0,True
F2905.png,1.0,True
F2906.png,1.0,True
F2907.png,1.0,True
F2908.png,1.0,True
F2909.png,1.0,True
F291.png,1.0,True
F2910.png,1.0,True
F2911.png,1.0,True
F2912.png,1.0,True
F2913.png,1.0,True
F2914.png,1.0,True
F2915.png,1.0,True
F2916.png,1.0,True
F2917.png,1.0,True
F2918.png,1.0,True
F2919.png,1.0,True
F292.png,1.0,True
F2920.png,1.0,True
F2921.png,1.0,True
F2922.png,1.0,True
F2923.png,1.0,True
F2924.png,1.0,True
F2925.png,0.0,False
F2926.png,1.0,True
F2927.png,1.0,True
F2928.png,1.0,True
F2929.png,0.0,False
F293.png,1.0,True
F2930.png,1.0,True
F2931.png,1.0,True
F2932.png,1.0,True
F2933.png,1.0,True
F2934.png,1.0,True
F2935.png,1.0,True
F2936.png,0.0,False
F2937.png,1.0,True
F2938.png,1.0,True
F2939.png,1.0,True
F294.png,1.0,True
F2940.png,0.0,False
F2941.png,1.0,True
F2942.png,1.0,True
F2943.png,1.0,True
F2944.png,1.0,True
F2945.png,1.0,True
F2946.png,1.0,True
F2947.png,0.0,False
F2948.png,1.0,True
F2949.png,1.0,True
F295.png,1.0,True
F2950.png,1.0,True
F2951.png,1.0,True
F2952.png,1.0,True
F2953.png,0.0,False
F2954.png,0.0,False
F2955.png,1.0,True
F2956.png,1.0,True
F2957.png,1.0,True
F2958.png,1.0,True
F2959.png,1.0,True
F296.png,1.0,True
F2960.png,1.0,True
F2961.png,1.0,True
F2962.png,1.0,True
F2963.png,0.57234484,True
F2964.png,1.0,True
F2965.png,1.0,True
F2966.png,1.0,True
F2967.png,1.0,True
F2968.png,0.0,False
F2969.png,1.0,True
F297.png,1.0,True
F2970.png,1.0,True
F2971.png,1.0,True
F2972.png,1.0,True
F2973.png,1.0,True
F2974.png,1.0,True
F2975.png,0.0,False
F2976.png,1.0,True
F2977.png,1.0,True
F2978.png,1.0,True
F2979.png,1.0,True
F298.png,0.0,False
F2980.png,1.0,True
F2981.png,1.0,True
F2982.png,1.0,True
F2983.png,1.0,True
F2984.png,1.0,True
F2985.png,1.0,True
F2986.png,1.0,True
F2987.png,1.0,True
F2988.png,0.0,False
F2989.png,1.0,True
F299.png,0.0,False
F2990.png,1.0,True
F2991.png,1.0,True
F2992.png,1.0,True
F2993.png,1.0,True
F2994.png,1.0,True
F2995.png,1.0,True
F2996.png,1.0,True
F2997.png,1.0,True
F2998.png,4.324656e-15,False
F2999.png,1.0,True
F3.png,1.0,True
F30.png,1.0,True
F300.png,0.0,False
F3000.png,0.0,False
F3001.png,1.0,True
F3002.png,1.0,True
F3003.png,1.0,True
F3004.png,1.0,True
F3005.png,1.0,True
F3006.png,1.0,True
F3007.png,1.0,True
F3008.png,1.0,True
F3009.png,1.0,True
F301.png,1.0,True
F3010.png,1.0,True
F3011.png,1.0,True
F3012.png,1.0,True
F3013.png,1.0,True
F3014.png,1.0,True
F3015.png,1.0,True
F3016.png,1.0,True
F3017.png,1.0,True
F3018.png,1.0,True
F3019.png,1.0,True
F302.png,1.0,True
F3020.png,1.0,True
F3021.png,1.0,True
F3022.png,1.0,True
F3023.png,1.0,True
F3024.png,1.0,True
F3025.png,1.0,True
F3026.png,1.0,True
F3027.png,1.0,True
F3028.png,0.0,False
F3029.png,1.0,True
F303.png,0.0,False
F3030.png,1.0,True
F3031.png,1.0,True
F3032.png,1.0,True
F3033.png,0.0,False
F3034.png,1.0,True
F3035.png,0.0,False
F3036.png,1.0,True
F3037.png,1.0,True
F3038.png,1.0,True
F3039.png,1.0,True
F304.png,1.0,True
F3040.png,1.0,True
F3041.png,1.0,True
F3042.png,0.0,False
F3043.png,1.0,True
F3044.png,1.0,True
F3045.png,1.0,True
F3046.png,0.0,False
F3047.png,1.0,True
F3048.png,0.0,False
F3049.png,1.0,True
F305.png,1.0,True
F3050.png,1.0,True
F3051.png,0.0,False
F3052.png,1.0,True
F3053.png,1.0,True
F3054.png,0.0,False
F3055.png,1.0,True
F3056.png,1.0,True
F3057.png,1.0,True
F3058.png,1.0,True
F3059.png,1.0,True
F306.png,1.0,True
F3060.png,0.0,False
F3061.png,0.0,False
F3062.png,1.0,True
F3063.png,1.0,True
F3064.png,1.0,True
F3065.png,1.0,True
F3066.png,1.0,True
F3067.png,1.0,True
F3068.png,1.0,True
F3069.png,1.0,True
F307.png,1.0,True
F3070.png,1.0,True
F3071.png,1.0,True
F3072.png,1.0,True
F3073.png,1.0,True
F3074.png,1.0,True
F3075.png,1.0,True
F3076.png,1.0,True
F3077.png,1.0,True
F3078.png,1.0,True
F3079.png,1.0,True
F308.png,1.0,True
F3080.png,1.0,True
F3081.png,1.0,True
F3082.png,1.0,True
F3083.png,1.0,True
F3084.png,1.0,True
F3085.png,1.0,True
F3086.png,1.0,True
F3087.png,1.0,True
F3088.png,1.0,True
F3089.png,1.0,True
F309.png,0.0,False
F3090.png,1.0,True
F3091.png,1.0,True
F3092.png,1.0,True
F3093.png,1.0,True
F3094.png,1.0,True
F3095.png,1.0,True
F3096.png,1.0,True
F3097.png,1.0,True
F3098.png,1.0,True
F3099.png,1.0,True
F31.png,0.0,False
F310.png,1.0,True
F3100.png,1.0,True
F3101.png,1.0,True
F3102.png,1.0,True
F3103.png,1.0,True
F3104.png,1.0,True
F3105.png,1.0,True
F3106.png,1.0,True
F3107.png,1.0,True
F3108.png,1.0,True
F3109.png,1.0,True
F311.png,0.0,False
F3110.png,0.0,False
F3111.png,1.0,True
F3112.png,1.0,True
F3113.png,1.0,True
F3114.png,1.0,True
F3115.png,1.0,True
F3116.png,1.0,True
F3117.png,0.9999938,True
F3118.png,0.0,False
F3119.png,1.0,True
F312.png,1.0,True
F3120.png,1.0,True
F3121.png,0.0,False
F3122.png,1.0,True
F3123.png,1.0,True
F3124.png,1.0,True
F3125.png,1.0,True
F3126.png,1.0,True
F3127.png,0.0,False
F3128.png,1.0,True
F3129.png,1.0,True
F313.png,1.0,True
F3130.png,1.0,True
F3131.png,1.0,True
F3132.png,1.0,True
F3133.png,1.0,True
F3134.png,1.0,True
F3135.png,1.0,True
F3136.png,1.0,True
F3137.png,1.0,True
F3138.png,1.0,True
F3139.png,1.0,True
F314.png,1.0,True
F3140.png,0.0,False
F3141.png,1.0,True
F3142.png,1.0,True
F3143.png,1.0,True
F3144.png,1.0,True
F3145.png,0.0,False
F3146.png,0.0,False
F3147.png,1.0,True
F3148.png,1.0,True
F3149.png,1.2273303e-08,False
F315.png,0.0,False
F3150.png,1.0,True
F3151.png,1.0,True
F3152.png,1.0,True
F3153.png,1.0,True
F3154.png,1.0,True
F3155.png,1.0,True
F3156.png,1.0,True
F3157.png,0.0,False
F3158.png,1.0,True
F3159.png,0.0,False
F316.png,1.0,True
F3160.png,0.0,False
F3161.png,0.0,False
F3162.png,1.0,True
F3163.png,1.0,True
F3164.png,0.0,False
F3165.png,1.0,True
F3166.png,1.0,True
F3167.png,0.0,False
F3168.png,1.0,True
F3169.png,0.0,False
F317.png,1.0,True
F3170.png,1.0,True
F3171.png,1.0,True
F3172.png,0.0,False
F3173.png,1.0,True
F3174.png,1.0,True
F3175.png,1.0,True
F3176.png,1.0,True
F3177.png,1.0,True
F3178.png,1.0,True
F3179.png,1.0,True
F318.png,1.0,True
F3180.png,1.0,True
F3181.png,1.0,True
F3182.png,1.0,True
F3183.png,1.0,True
F3184.png,1.0,True
F3185.png,1.0,True
F3186.png,1.0,True
F3187.png,1.0,True
F3188.png,1.0,True
F3189.png,0.0,False
F319.png,1.0,True
F3190.png,1.0,True
F3191.png,1.0,True
F3192.png,0.0,False
F3193.png,1.0,True
F3194.png,1.0,True
F3195.png,1.0,True
F3196.png,1.0,True
F3197.png,1.0,True
F3198.png,1.0,True
F3199.png,1.0,True
F32.png,1.0,True
F320.png,0.0,False
F3200.png,1.0,True
F3201.png,1.0,True
F3202.png,1.0,True
F3203.png,1.0,True
F3204.png,0.0,False
F3205.png,1.0,True
F3206.png,1.0,True
F3207.png,0.0,False
F3208.png,1.0,True
F3209.png,1.0,True
F321.png,1.0,True
F3210.png,0.0,False
F3211.png,1.0,True
F3212.png,1.0,True
F3213.png,1.0,True
F3214.png,1.0,True
F3215.png,1.0,True
F3216.png,1.0,True
F3217.png,1.0,True
F3218.png,1.0,True
F3219.png,1.0,True
F322.png,1.0,True
F3220.png,1.0,True
F3221.png,1.0,True
F3222.png,1.0,True
F3223.png,1.0,True
F3224.png,1.0,True
F3225.png,1.0,True
F3226.png,1.0,True
F3227.png,1.0,True
F3228.png,0.0,False
F3229.png,1.0,True
F323.png,1.0,True
F3230.png,1.0,True
F3231.png,1.0,True
F3232.png,0.0,False
F3233.png,1.0,True
F3234.png,1.0,True
F3235.png,1.0,True
F3236.png,1.0,True
F3237.png,1.0,True
F3238.png,1.0,True
F3239.png,1.0,True
F324.png,0.0,False
F3240.png,1.0,True
F3241.png,1.0,True
F3242.png,1.0,True
F3243.png,1.0,True
F3244.png,1.0,True
F3245.png,1.0,True
F3246.png,1.0,True
F3247.png,1.0,True
F3248.png,1.0,True
F3249.png,1.0,True
F325.png,1.0,True
F3250.png,0.0,False
F3251.png,1.0,True
F3252.png,1.0,True
F3253.png,1.0,True
F3254.png,1.0,True
F3255.png,1.0,True
F3256.png,1.0,True
F3257.png,1.0,True
F3258.png,1.0,True
F3259.png,1.0,True
F326.png,1.0,True
F3260.png,0.0,False
F3261.png,1.0,True
F3262.png,1.0,True
F3263.png,0.0,False
F3264.png,1.0,True
F3265.png,0.0,False
F3266.png,3.328783e-14,False
F3267.png,1.0,True
F3268.png,1.0,True
F3269.png,1.0,True
F327.png,1.0,True
F3270.png,1.0,True
F3271.png,1.0,True
F3272.png,1.0,True
F3273.png,1.0,True
F3274.png,1.0,True
F3275.png,1.0,True
F3276.png,1.0,True
F3277.png,1.0,True
F3278.png,0.0,False
F3279.png,1.0,True
F328.png,1.0,True
F3280.png,1.0,True
F3281.png,1.0,True
F3282.png,0.0,False
F3283.png,1.0,True
F3284.png,1.0,True
F3285.png,1.0,True
F3286.png,1.0,True
F3287.png,1.0,True
F3288.png,1.0,True
F3289.png,1.0,True
F329.png,1.0,True
F3290.png,1.0,True
F3291.png,1.0,True
F3292.png,1.0,True
F3293.png,1.0,True
F3294.png,1.0,True
F3295.png,1.0,True
F3296.png,1.0,True
F3297.png,1.0,True
F3298.png,0.0,False
F3299.png,1.0,True
F33.png,0.0,False
F330.png,0.0,False
F3300.png,1.0,True
F3301.png,1.0,True
F3302.png,1.0,True
F3303.png,1.0,True
F3304.png,1.0,True
F3305.png,1.0,True
F3306.png,0.00024312735,False
F3307.png,1.0,True
F3308.png,1.0,True
F3309.png,1.0,True
F331.png,1.0,True
F3310.png,1.0,True
F3311.png,1.0,True
F3312.png,1.0,True
F3313.png,1.0,True
F3314.png,1.0,True
F3315.png,1.0,True
F3316.png,1.0,True
F3317.png,1.0,True
F3318.png,1.0,True
F3319.png,1.0,True
F332.png,1.0,True
F3320.png,1.0,True
F3321.png,1.0,True
F3322.png,1.0,True
F3323.png,1.0,True
F3324.png,1.0,True
F3325.png,0.0,False
F3326.png,1.0,True
F3327.png,0.0,False
F3328.png,1.0,True
F3329.png,0.0,False
F333.png,1.0,True
F3330.png,0.0,False
F3331.png,1.0,True
F3332.png,1.0,True
F3333.png,1.0,True
F3334.png,1.0,True
F3335.png,1.0,True
F3336.png,1.0,True
F3337.png,1.0,True
F3338.png,1.0,True
F3339.png,1.0,True
F334.png,1.0,True
F3340.png,1.0,True
F3341.png,1.0,True
F3342.png,1.0,True
F3343.png,1.0,True
F3344.png,1.0,True
F3345.png,1.0,True
F3346.png,1.0,True
F3347.png,1.0,True
F3348.png,1.0,True
F3349.png,1.0,True
F335.png,1.0,True
F3350.png,1.0,True
F3351.png,1.0,True
F3352.png,1.0,True
F3353.png,1.0,True
F3354.png,1.0,True
F3355.png,1.0,True
F3356.png,0.0,False
F3357.png,1.0,True
F3358.png,1.0,True
F3359.png,1.0,True
F336.png,1.0,True
F3360.png,1.0,True
F3361.png,1.0,True
F3362.png,1.0,True
F3363.png,1.0,True
F3364.png,1.0,True
F3365.png,1.0,True
F3366.png,1.0,True
F3367.png,1.0,True
F3368.png,1.0,True
F3369.png,1.0,True
F337.png,1.0,True
F3370.png,1.0,True
F3371.png,1.0,True
F3372.png,1.0,True
F3373.png,1.0,True
F3374.png,1.0,True
F3375.png,1.0,True
F3376.png,1.0,True
F3377.png,1.0,True
F3378.png,1.0,True
F3379.png,1.0,True
F338.png,1.0,True
F3380.png,1.0,True
F3381.png,1.0,True
F3382.png,1.0,True
F3383.png,1.0,True
F3384.png,1.0,True
F3385.png,1.0,True
F3386.png,1.0,True
F3387.png,1.0,True
F3388.png,1.0,True
F3389.png,1.0,True
F339.png,1.0,True
F3390.png,1.0,True
F3391.png,1.0,True
F3392.png,1.0,True
F3393.png,1.0,True
F3394.png,1.0,True
F3395.png,1.0,True
F3396.png,1.0,True
F3397.png,0.0,False
F3398.png,1.0,True
F3399.png,1.0,True
F34.png,0.0,False
F340.png,0.0,False
F3400.png,1.0,True
F3401.png,1.0,True
F3402.png,1.0,True
F3403.png,1.0,True
F3404.png,0.9999959,True
F3405.png,1.0,True
F3406.png,1.0,True
F3407.png,1.0,True
F3408.png,1.0,True
F3409.png,1.0,True
F341.png,1.0,True
F3410.png,1.0,True
F3411.png,1.0,True
F3412.png,1.0,True
F3413.png,1.0,True
F3414.png,1.0,True
F3415.png,0.0,False
F3416.png,1.0,True
F3417.png,1.0,True
F3418.png,1.0,True
F3419.png,1.0,True
F342.png,1.0,True
F3420.png,1.0,True
F3421.png,1.0,True
F3422.png,1.0,True
F3423.png,1.0,True
F3424.png,1.0,True
F3425.png,1.5225526e-13,False
F3426.png,0.0,False
F3427.png,1.0,True
F3428.png,1.0,True
F3429.png,1.0,True
F343.png,1.0,True
F3430.png,1.0,True
F3431.png,1.0,True
F3432.png,1.0,True
F3433.png,1.0,True
F3434.png,1.0,True
F3435.png,1.0,True
F3436.png,1.0,True
F3437.png,1.0,True
F3438.png,1.0,True
F3439.png,1.0,True
F344.png,1.0,True
F3440.png,1.0,True
F3441.png,1.0,True
F3442.png,1.0,True
F3443.png,1.0,True
F3444.png,1.0,True
F3445.png,1.0,True
F3446.png,0.0,False
F3447.png,1.0,True
F3448.png,1.0,True
F3449.png,1.0,True
F345.png,1.0,True
F3450.png,1.0,True
F3451.png,1.0,True
F3452.png,1.0,True
F3453.png,1.0,True
F3454.png,1.0,True
F3455.png,1.0,True
F3456.png,1.0,True
F3457.png,1.0,True
F3458.png,1.0,True
F3459.png,1.0,True
F346.png,1.0,True
F3460.png,1.0,True
F3461.png,1.0,True
F3462.png,1.0,True
F3463.png,1.0,True
F3464.png,1.0,True
F3465.png,1.0,True
F3466.png,1.0,True
F3467.png,1.0,True
F3468.png,1.0,True
F3469.png,1.0,True
F347.png,1.0,True
F3470.png,1.0,True
F3471.png,1.0,True
F3472.png,1.0,True
F3473.png,1.0,True
F3474.png,1.0,True
F3475.png,1.0,True
F3476.png,1.0,True
F3477.png,0.0,False
F3478.png,1.0,True
F3479.png,1.0,True
F348.png,1.0,True
F3480.png,0.0,False
F3481.png,1.0,True
F3482.png,1.0,True
F3483.png,1.0,True
F3484.png,1.0,True
F3485.png,1.0,True
F3486.png,1.0,True
F3487.png,1.0,True
F3488.png,1.0,True
F3489.png,1.0,True
F349.png,0.0,False
F3490.png,1.0,True
F3491.png,1.0,True
F3492.png,1.0,True
F3493.png,1.0,True
F3494.png,1.0,True
F3495.png,1.0,True
F3496.png,0.0,False
F3497.png,1.0,True
F3498.png,1.0,True
F3499.png,1.0,True
F35.png,1.0,True
F350.png,1.0,True
F3500.png,1.0,True
F3501.png,1.0,True
F3502.png,1.0,True
F3503.png,1.0,True
F3504.png,1.0,True
F3505.png,1.0,True
F3506.png,1.0,True
F3507.png,1.0,True
F3508.png,1.0,True
F3509.png,1.0,True
F351.png,1.0,True
F3510.png,1.0,True
F3511.png,1.0,True
F3512.png,1.0,True
F3513.png,1.0,True
F3514.png,1.0,True
F3515.png,1.0,True
F3516.png,1.0,True
F3517.png,1.0,True
F3518.png,1.0,True
F3519.png,1.0,True
F352.png,1.0,True
F3520.png,1.0,True
F3521.png,1.0,True
F3522.png,1.0,True
F3523.png,1.0,True
F3524.png,1.0,True
F3525.png,1.0,True
F3526.png,1.0,True
F3527.png,1.0,True
F3528.png,1.0,True
F3529.png,1.0,True
F353.png,1.0,True
F3530.png,1.0,True
F3531.png,1.0,True
F3532.png,1.0,True
F3533.png,1.0,True
F3534.png,1.0,True
F3535.png,1.0,True
F3536.png,1.0,True
F3537.png,1.0,True
F3538.png,1.0,True
F3539.png,1.0,True
F354.png,1.0,True
F3540.png,1.0,True
F3541.png,1.0,True
F3542.png,1.0,True
F3543.png,1.0,True
F3544.png,1.0,True
F3545.png,1.0,True
F3546.png,1.0,True
F3547.png,1.0,True
F3548.png,1.0,True
F3549.png,1.0,True
F355.png,1.0,True
F3550.png,1.0,True
F3551.png,1.0,True
F3552.png,1.0,True
F3553.png,2.8664159e-30,False
F3554.png,0.0,False
F3555.png,1.0,True
F3556.png,1.0,True
F3557.png,1.0,True
F3558.png,1.0,True
F3559.png,1.0,True
F356.png,1.0,True
F3560.png,1.0,True
F3561.png,1.0,True
F3562.png,1.0,True
F3563.png,1.0,True
F3564.png,1.0,True
F3565.png,1.0,True
F3566.png,1.0,True
F3567.png,1.0,True
F3568.png,1.0,True
F3569.png,1.0,True
F357.png,1.0,True
F3570.png,1.0,True
F3571.png,1.0,True
F3572.png,1.0,True
F3573.png,1.0,True
F3574.png,1.0,True
F3575.png,1.0,True
F3576.png,1.0,True
F3577.png,1.0,True
F3578.png,1.0,True
F3579.png,1.0,True
F358.png,1.0,True
F3580.png,1.0,True
F3581.png,1.0,True
F3582.png,1.0,True
F3583.png,1.0,True
F3584.png,1.0,True
F3585.png,1.0,True
F3586.png,1.0,True
F3587.png,1.0,True
F3588.png,1.0,True
F3589.png,1.0,True
F359.png,1.0,True
F3590.png,1.0,True
F3591.png,1.0,True
F3592.png,1.0,True
F3593.png,1.0,True
F3594.png,1.0,True
F3595.png,1.0,True
F3596.png,1.0,True
F3597.png,1.0,True
F3598.png,1.0,True
F3599.png,1.0,True
F36.png,0.0,False
F360.png,1.0,True
F3600.png,1.0,True
F3601.png,1.0,True
F3602.png,1.0,True
F3603.png,1.0,True
F3604.png,1.0,True
F3605.png,1.0,True
F3606.png,1.0,True
F3607.png,1.0,True
F3608.png,1.0,True
F3609.png,1.0,True
F361.png,1.0,True
F3610.png,1.0,True
F3611.png,1.0,True
F3612.png,1.0,True
F3613.png,1.0,True
F3614.png,1.0,True
F3615.png,1.0,True
F3616.png,1.0,True
F3617.png,1.0,True
F3618.png,1.0,True
F3619.png,1.0,True
F362.png,1.0,True
F3620.png,1.0,True
F3621.png,1.0,True
F3622.png,1.0,True
F3623.png,1.0,True
F3624.png,1.0,True
F3625.png,1.0,True
F3626.png,1.0,True
F3627.png,1.0,True
F3628.png,1.0,True
F3629.png,1.0,True
F363.png,1.0,True
F3630.png,1.0,True
F3631.png,1.0,True
F3632.png,1.0,True
F3633.png,1.0,True
F3634.png,1.0,True
F3635.png,1.0,True
F3636.png,1.0,True
F3637.png,1.0,True
F3638.png,1.0,True
F3639.png,1.0,True
F364.png,1.0,True
F3640.png,1.0,True
F3641.png,1.0,True
F3642.png,1.0,True
F3643.png,1.0,True
F3644.png,1.0,True
F3645.png,1.0,True
F3646.png,1.0,True
F3647.png,1.0,True
F3648.png,1.0,True
F3649.png,1.0,True
F365.png,1.0,True
F3650.png,1.0,True
F3651.png,1.0,True
F3652.png,1.0,True
F3653.png,1.0,True
F3654.png,1.0,True
F3655.png,1.0,True
F3656.png,1.0,True
F3657.png,1.0,True
F3658.png,1.0,True
F3659.png,1.0,True
F366.png,1.0,True
F3660.png,1.0,True
F3661.png,1.0,True
F3662.png,1.0,True
F3663.png,1.0,True
F3664.png,1.0,True
F3665.png,1.0,True
F3666.png,1.0,True
F3667.png,1.0,True
F3668.png,1.0,True
F3669.png,1.0,True
F367.png,1.0,True
F3670.png,1.0,True
F3671.png,1.0,True
F3672.png,1.0,True
F3673.png,1.0,True
F3674.png,1.0,True
F3675.png,1.0,True
F3676.png,1.0,True
F3677.png,1.0,True
F3678.png,1.0,True
F3679.png,1.0,True
F368.png,1.0,True
F3680.png,1.0,True
F3681.png,1.0,True
F3682.png,1.0,True
F3683.png,1.0,True
F3684.png,1.0,True
F3685.png,1.0,True
F3686.png,1.0,True
F3687.png,0.0,False
F3688.png,1.0,True
F3689.png,1.0,True
F369.png,1.0,True
F3690.png,1.0,True
F3691.png,1.0,True
F3692.png,1.0,True
F3693.png,1.0,True
F3694.png,1.0,True
F3695.png,1.0,True
F3696.png,1.0,True
F3697.png,1.0,True
F3698.png,1.0,True
F3699.png,1.0,True
F37.png,1.0,True
F370.png,1.0,True
F3700.png,1.0,True
F3701.png,1.0,True
F3702.png,1.0,True
F3703.png,1.0,True
F3704.png,1.0,True
F3705.png,1.0,True
F3706.png,1.0,True
F3707.png,1.0,True
F3708.png,1.0,True
F3709.png,1.0,True
F371.png,1.0,True
F3710.png,1.0,True
F3711.png,1.0,True
F3712.png,1.0,True
F3713.png,1.0,True
F3714.png,1.0,True
F3715.png,1.0,True
F3716.png,1.0,True
F3717.png,1.0,True
F3718.png,1.0,True
F3719.png,1.0,True
F372.png,1.0,True
F3720.png,1.0,True
F3721.png,1.0,True
F3722.png,1.0,True
F3723.png,1.0,True
F3724.png,1.0,True
F3725.png,1.0,True
F3726.png,1.0,True
F3727.png,1.0,True
F3728.png,1.0,True
F3729.png,1.0,True
F373.png,1.0,True
F3730.png,1.0,True
F3731.png,1.0,True
F3732.png,1.0,True
F3733.png,1.0,True
F3734.png,1.0,True
F3735.png,1.0,True
F3736.png,1.0,True
F3737.png,1.0,True
F3738.png,1.0,True
F3739.png,1.0,True
F374.png,1.0,True
F3740.png,0.0,False
F3741.png,1.0,True
F3742.png,1.0,True
F3743.png,1.0,True
F3744.png,1.0,True
F3745.png,1.0,True
F3746.png,1.0,True
F3747.png,1.0,True
F3748.png,1.0,True
F3749.png,1.0,True
F375.png,1.0,True
F3750.png,1.0,True
F3751.png,1.0,True
F3752.png,1.0,True
F3753.png,1.0,True
F3754.png,1.0,True
F3755.png,1.0,True
F3756.png,1.0,True
F3757.png,1.0,True
F3758.png,1.0,True
F3759.png,1.0,True
F376.png,0.0,False
F3760.png,1.0,True
F3761.png,1.0,True
F3762.png,1.0,True
F3763.png,1.0,True
F3764.png,1.0,True
F3765.png,1.0,True
F3766.png,1.0,True
F3767.png,1.0,True
F3768.png,1.0,True
F3769.png,1.0,True
F377.png,1.0,True
F3770.png,1.0,True
F3771.png,1.0,True
F3772.png,1.0,True
F3773.png,1.0,True
F3774.png,1.0,True
F3775.png,1.0,True
F3776.png,1.0,True
F3777.png,1.0,True
F3778.png,1.0,True
F3779.png,1.0,True
F378.png,1.0,True
F3780.png,1.0,True
F3781.png,1.0,True
F3782.png,1.0,True
F3783.png,1.0,True
F3784.png,1.0,True
F3785.png,1.0,True
F3786.png,1.0,True
F3787.png,1.0,True
F3788.png,1.0,True
F3789.png,1.0,True
F379.png,1.0,True
F3790.png,1.0,True
F3791.png,1.0,True
F3792.png,1.0,True
F3793.png,1.0,True
F3794.png,1.0,True
F3795.png,1.0,True
F3796.png,0.0,False
F3797.png,1.0,True
F3798.png,1.0,True
F3799.png,1.0,True
F38.png,1.0,True
F380.png,1.0,True
F3800.png,1.0,True
F3801.png,1.0,True
F3802.png,1.0,True
F3803.png,0.0,False
F3804.png,1.0,True
F3805.png,1.0,True
F3806.png,1.0,True
F3807.png,1.0,True
F3808.png,1.0,True
F3809.png,1.0,True
F381.png,1.0,True
F3810.png,1.0,True
F3811.png,0.0,False
F3812.png,1.0,True
F3813.png,1.0,True
F3814.png,1.0,True
F3815.png,1.0,True
F3816.png,1.0,True
F3817.png,1.0,True
F3818.png,1.0,True
F3819.png,1.0,True
F382.png,1.0,True
F3820.png,1.0,True
F3821.png,1.0,True
F3822.png,1.0,True
F3823.png,1.0,True
F3824.png,1.0,True
F3825.png,1.0,True
F3826.png,1.0,True
F3827.png,1.0,True
F3828.png,1.0,True
F3829.png,1.0,True
F383.png,1.0,True
F3830.png,1.0,True
F3831.png,1.0,True
F3832.png,0.0,False
F3833.png,1.0,True
F3834.png,1.0,True
F3835.png,1.0,True
F3836.png,1.0,True
F3837.png,1.0,True
F3838.png,1.0,True
F3839.png,1.0,True
F384.png,1.0,True
F3840.png,1.0,True
F3841.png,1.0,True
F3842.png,1.0,True
F3843.png,1.0,True
F3844.png,1.0,True
F3845.png,1.0,True
F3846.png,1.0,True
F3847.png,1.0,True
F3848.png,1.0,True
F3849.png,1.0,True
F385.png,1.0,True
F3850.png,1.0,True
F3851.png,1.0,True
F3852.png,1.0,True
F3853.png,1.0,True
F3854.png,1.0,True
F3855.png,1.0,True
F3856.png,1.0,True
F3857.png,1.0,True
F3858.png,1.0,True
F3859.png,1.0,True
F386.png,1.2845519e-19,False
F3860.png,1.0,True
F3861.png,1.0,True
F3862.png,1.0,True
F3863.png,1.0,True
F3864.png,1.0,True
F3865.png,1.0,True
F3866.png,1.0,True
F3867.png,1.0,True
F3868.png,1.0,True
F3869.png,1.0,True
F387.png,0.0,False
F3870.png,1.0,True
F3871.png,1.0,True
F3872.png,1.0,True
F3873.png,1.0,True
F3874.png,1.0,True
F3875.png,1.0,True
F3876.png,1.0,True
F3877.png,1.0,True
F3878.png,1.0,True
F3879.png,1.0,True
F388.png,0.0,False
F3880.png,1.0,True
F3881.png,1.0,True
F3882.png,1.0,True
F3883.png,1.0,True
F3884.png,1.0,True
F3885.png,0.0,False
F3886.png,1.0,True
F3887.png,1.0,True
F3888.png,1.0,True
F3889.png,1.0,True
F389.png,1.0,True
F3890.png,1.0,True
F3891.png,1.0,True
F3892.png,1.0,True
F3893.png,1.0,True
F3894.png,1.0,True
F3895.png,1.0,True
F3896.png,1.0,True
F3897.png,1.0,True
F3898.png,1.0,True
F3899.png,1.0,True
F39.png,1.0,True
F390.png,1.0,True
F391.png,1.0,True
F392.png,1.0,True
F393.png,1.0,True
F394.png,1.0,True
F395.png,1.0,True
F396.png,1.0,True
F397.png,1.0,True
F398.png,1.0,True
F399.png,0.0,False
F4.png,1.0,True
F40.png,0.0,False
F400.png,0.0,False
F401.png,1.0,True
F402.png,0.0,False
F403.png,1.0,True
F404.png,1.0,True
F405.png,1.0,True
F406.png,1.0,True
F407.png,1.0,True
F408.png,1.0,True
F409.png,1.0,True
F41.png,1.0,True
F410.png,1.0,True
F411.png,1.0,True
F412.png,1.0,True
F413.png,1.0,True
F414.png,1.0,True
F415.png,1.0,True
F416.png,1.0,True
F417.png,1.0,True
F418.png,0.0,False
F419.png,1.0,True
F42.png,1.0,True
F420.png,1.0,True
F421.png,1.0,True
F422.png,1.0,True
F423.png,1.0,True
F424.png,1.0,True
F425.png,1.0,True
F426.png,1.0,True
F427.png,1.0,True
F428.png,1.0,True
F429.png,1.0,True
F43.png,1.0,True
F430.png,1.0,True
F431.png,1.0,True
F432.png,1.0,True
F433.png,1.0,True
F434.png,1.0,True
F435.png,1.0,True
F436.png,1.0,True
F437.png,1.0,True
F438.png,1.0,True
F439.png,0.0,False
F44.png,1.0,True
F440.png,0.0,False
F441.png,0.0,False
F442.png,1.0,True
F443.png,0.0,False
F444.png,0.0,False
F445.png,1.0,True
F446.png,1.0,True
F447.png,1.0,True
F448.png,1.0,True
F449.png,0.0,False
F45.png,0.0,False
F450.png,0.0,False
F451.png,0.0,False
F452.png,1.0,True
F453.png,1.0,True
F454.png,1.0,True
F455.png,0.0,False
F456.png,5.3767856e-30,False
F457.png,1.0,True
F458.png,0.0,False
F459.png,1.0,True
F46.png,1.0,True
F460.png,1.0,True
F461.png,1.0,True
F462.png,1.0,True
F463.png,1.0,True
F464.png,1.0,True
F465.png,0.0,False
F466.png,0.0,False
F467.png,1.0,True
F468.png,1.0,True
F469.png,1.0,True
F47.png,1.0,True
F470.png,1.0,True
F471.png,1.0,True
F472.png,1.0,True
F473.png,1.0,True
F474.png,1.0,True
F475.png,1.0,True
F476.png,1.0,True
F477.png,1.0,True
F478.png,1.0,True
F479.png,1.0,True
F48.png,1.0,True
F480.png,1.0,True
F481.png,1.0,True
F482.png,1.0,True
F483.png,1.0,True
F484.png,1.0,True
F485.png,1.0,True
F486.png,1.0,True
F487.png,1.0,True
F488.png,1.0,True
F489.png,1.0,True
F49.png,1.0,True
F490.png,1.0,True
F491.png,1.0,True
F492.png,1.0,True
F493.png,1.0,True
F494.png,1.0,True
F495.png,1.0,True
F496.png,1.0,True
F497.png,1.0,True
F498.png,1.0,True
F499.png,1.0,True
F5.png,1.0,True
F50.png,1.0,True
F500.png,4.0998783e-15,False
F501.png,1.0,True
F502.png,1.0,True
F503.png,1.0,True
F504.png,0.0,False
F505.png,1.0,True
F506.png,1.0,True
F507.png,1.0,True
F508.png,1.0,True
F509.png,1.0,True
F51.png,1.0,True
F510.png,1.0,True
F511.png,0.0,False
F512.png,1.0,True
F513.png,1.0,True
F514.png,0.0,False
F515.png,1.0,True
F516.png,1.0,True
F517.png,1.0,True
F518.png,1.0,True
F519.png,1.0,True
F52.png,1.0,True
F520.png,1.0,True
F521.png,1.0,True
F522.png,1.0,True
F523.png,1.0,True
F524.png,1.0,True
F525.png,0.0,False
F526.png,1.0,True
F527.png,1.0,True
F528.png,1.0,True
F529.png,1.0,True
F53.png,1.0,True
F530.png,1.0,True
F531.png,1.0,True
F532.png,1.0,True
F533.png,1.0,True
F534.png,0.0,False
F535.png,1.0,True
F536.png,1.0,True
F537.png,1.0,True
F538.png,1.0,True
F539.png,1.0,True
F54.png,1.0,True
F540.png,1.0,True
F541.png,1.0,True
F542.png,1.0,True
F543.png,1.0,True
F544.png,1.0,True
F545.png,1.0,True
F546.png,1.0,True
F547.png,0.0,False
F548.png,1.0,True
F549.png,1.0,True
F55.png,1.0,True
F550.png,1.0,True
F551.png,1.0,True
F552.png,1.0,True
F553.png,1.0,True
F554.png,1.0,True
F555.png,1.0,True
F556.png,1.0,True
F557.png,1.0,True
F558.png,1.0,True
F559.png,1.0,True
F56.png,1.0,True
F560.png,1.0,True
F561.png,1.0,True
F562.png,1.0,True
F563.png,0.0,False
F564.png,1.0,True
F565.png,1.0,True
F566.png,0.0,False
F567.png,0.0,False
F568.png,1.0,True
F569.png,1.0,True
F57.png,1.0,True
F570.png,0.0,False
F571.png,1.0,True
F572.png,1.0,True
F573.png,1.0,True
F574.png,1.0,True
F575.png,1.0,True
F576.png,1.0,True
F577.png,1.0,True
F578.png,1.0,True
F579.png,1.0,True
F58.png,1.0,True
F580.png,1.0,True
F581.png,1.0,True
F582.png,1.0,True
F583.png,1.0,True
F584.png,1.0,True
F585.png,1.0,True
F586.png,1.0,True
F587.png,1.0,True
F588.png,1.0,True
F589.png,0.0,False
F59.png,1.0,True
F590.png,1.0,True
F591.png,0.0,False
F592.png,0.0,False
F593.png,0.0,False
F594.png,0.0,False
F595.png,1.0,True
F596.png,1.0,True
F597.png,1.0,True
F598.png,1.0,True
F599.png,1.0,True
F6.png,1.0,True
F60.png,1.0,True
F600.png,1.0,True
F601.png,1.0,True
F602.png,1.0,True
F603.png,1.0,True
F604.png,1.0,True
F605.png,1.0,True
F606.png,0.0,False
F607.png,1.0,True
F608.png,1.0,True
F609.png,1.0,True
F61.png,1.0,True
F610.png,1.0,True
F611.png,1.0,True
F612.png,1.0,True
F613.png,1.0,True
F614.png,1.0,True
F615.png,1.0,True
F616.png,1.0,True
F617.png,1.0,True
F618.png,1.0,True
F619.png,1.0,True
F62.png,0.0,False
F620.png,1.0,True
F621.png,1.0,True
F622.png,1.0,True
F623.png,1.0,True
F624.png,1.0,True
F625.png,1.0,True
F626.png,1.0,True
F627.png,1.0,True
F628.png,1.0,True
F629.png,1.0,True
F63.png,1.0,True
F630.png,1.0,True
F631.png,1.0,True
F632.png,1.0,True
F633.png,1.0,True
F634.png,1.0,True
F635.png,1.0,True
F636.png,1.0,True
F637.png,0.0,False
F638.png,1.0,True
F639.png,1.0,True
F64.png,1.0,True
F640.png,1.0,True
F641.png,1.0,True
F642.png,1.0,True
F643.png,0.0,False
F644.png,1.0,True
F645.png,1.0,True
F646.png,1.0,True
F647.png,1.0,True
F648.png,1.0,True
F649.png,1.2019258e-31,False
F65.png,1.0,True
F650.png,1.0,True
F651.png,1.0,True
F652.png,1.0,True
F653.png,0.0,False
F654.png,1.0,True
F655.png,1.0,True
F656.png,1.0,True
F657.png,1.0,True
F658.png,0.0,False
F659.png,1.0,True
F66.png,1.0,True
F660.png,1.0,True
F661.png,1.0,True
F662.png,1.0,True
F663.png,1.0,True
F664.png,1.0,True
F665.png,1.0,True
F666.png,1.0,True
F667.png,0.0,False
F668.png,1.0,True
F669.png,1.0,True
F67.png,0.0,False
F670.png,1.0,True
F671.png,0.0,False
F672.png,1.0,True
F673.png,1.0,True
F674.png,1.0,True
F675.png,1.0,True
F676.png,1.0,True
F677.png,0.0,False
F678.png,1.0,True
F679.png,1.0,True
F68.png,1.0,True
F680.png,1.0,True
F681.png,1.0,True
F682.png,1.0,True
F683.png,1.0,True
F684.png,1.0,True
F685.png,0.00027653575,False
F686.png,1.0,True
F687.png,0.0,False
F688.png,1.0,True
F689.png,1.0,True
F69.png,8.004333e-05,False
F690.png,0.0,False
F691.png,1.0,True
F692.png,0.0,False
F693.png,1.0,True
F694.png,1.0,True
F695.png,0.0,False
F696.png,1.0,True
F697.png,1.0,True
F698.png,1.0,True
F699.png,1.0,True
F7.png,0.0,False
F70.png,1.0,True
F700.png,1.0,True
F701.png,1.0,True
F702.png,1.0,True
F703.png,1.0,True
F704.png,1.0,True
F705.png,1.0,True
F706.png,1.0,True
F707.png,1.0,True
F708.png,1.0,True
F709.png,0.0,False
F71.png,0.0,False
F710.png,1.0,True
F711.png,1.0,True
F712.png,1.0,True
F713.png,1.0,True
F714.png,0.0,False
F715.png,1.0,True
F716.png,1.0,True
F717.png,1.0,True
F718.png,1.0,True
F719.png,0.0,False
F72.png,1.0,True
F720.png,1.0,True
F721.png,1.0,True
F722.png,1.0,True
F723.png,1.0,True
F724.png,1.0,True
F725.png,1.0,True
F726.png,1.0,True
F727.png,1.0,True
F728.png,1.0,True
F729.png,1.0,True
F73.png,1.0,True
F730.png,1.0,True
F731.png,1.0,True
F732.png,1.0,True
F733.png,0.0,False
F734.png,1.0,True
F735.png,1.0,True
F736.png,1.0,True
F737.png,1.0,True
F738.png,1.0,True
F739.png,1.0,True
F74.png,1.0,True
F740.png,1.0,True
F741.png,1.0,True
F742.png,1.0,True
F743.png,1.0,True
F744.png,1.0,True
F745.png,1.0,True
F746.png,0.0,False
F747.png,1.0,True
F748.png,1.0,True
F749.png,1.0,True
F75.png,1.0,True
F750.png,1.0,True
F751.png,1.0,True
F752.png,1.0,True
F753.png,0.0,False
F754.png,1.0,True
F755.png,1.0,True
F756.png,1.0,True
F757.png,0.0,False
F758.png,1.0,True
F759.png,1.0,True
F76.png,1.0,True
F760.png,1.0,True
F761.png,0.0,False
F762.png,1.0,True
F763.png,0.0,False
F764.png,1.0,True
F765.png,1.0,True
F766.png,0.9999163,True
F767.png,0.0,False
F768.png,0.0,False
F769.png,1.0,True
F77.png,1.0,True
F770.png,0.0,False
F771.png,1.0,True
F772.png,1.0,True
F773.png,1.0,True
F774.png,1.0,True
F775.png,1.0,True
F776.png,1.0,True
F777.png,1.0,True
F778.png,1.0,True
F779.png,1.0,True
F78.png,0.0,False
F780.png,1.0,True
F781.png,1.0,True
F782.png,1.0,True
F783.png,1.0,True
F784.png,1.0,True
F785.png,1.0,True
F786.png,1.0,True
F787.png,1.0,True
F788.png,1.0,True
F789.png,1.0,True
F79.png,1.0,True
F790.png,1.0,True
F791.png,1.0,True
F792.png,1.0,True
F793.png,1.0,True
F794.png,1.0,True
F795.png,1.0,True
F796.png,1.0,True
F797.png,1.0,True
F798.png,1.0,True
F799.png,1.0,True
F8.png,1.0,True
F80.png,1.0,True
F800.png,1.0,True
F801.png,1.0,True
F802.png,1.0,True
F803.png,1.0,True
F804.png,1.0,True
F805.png,1.0,True
F806.png,1.0,True
F807.png,1.0,True
F808.png,1.0,True
F809.png,1.0,True
F81.png,0.0,False
F810.png,1.0,True
F811.png,1.0,True
F812.png,1.0,True
F813.png,0.0,False
F814.png,0.0,False
F815.png,0.0,False
F816.png,1.0,True
F817.png,1.0,True
F818.png,1.0,True
F819.png,1.0,True
F82.png,1.0,True
F820.png,0.0,False
F821.png,1.0,True
F822.png,1.0,True
F823.png,1.0,True
F824.png,1.0,True
F825.png,1.0,True
F826.png,1.0,True
F827.png,1.0,True
F828.png,1.0,True
F829.png,1.0,True
F83.png,1.0,True
F830.png,1.0,True
F831.png,1.0,True
F832.png,0.0,False
F833.png,1.0,True
F834.png,1.0,True
F835.png,1.0,True
F836.png,1.0,True
F837.png,1.0,True
F838.png,1.0,True
F839.png,1.0,True
F84.png,1.0,True
F840.png,0.0,False
F841.png,1.0,True
F842.png,0.0,False
F843.png,1.0,True
F844.png,1.0,True
F845.png,1.0,True
F846.png,0.0,False
F847.png,1.0,True
F848.png,0.0,False
F849.png,0.0,False
F85.png,1.0,True
F850.png,1.0,True
F851.png,0.0,False
F852.png,0.0,False
F853.png,1.0,True
F854.png,1.0,True
F855.png,0.0,False
F856.png,1.0,True
F857.png,0.0,False
F858.png,0.0,False
F859.png,1.0,True
F86.png,1.0,True
F860.png,1.0,True
F861.png,0.0,False
F862.png,0.0,False
F863.png,1.0,True
F864.png,1.0,True
F865.png,1.0,True
F866.png,1.0,True
F867.png,1.0,True
F868.png,1.0,True
F869.png,1.0,True
F87.png,1.0,True
F870.png,1.0,True
F871.png,1.0,True
F872.png,1.0,True
F873.png,1.0,True
F874.png,1.0,True
F875.png,1.0,True
F876.png,1.0,True
F877.png,1.0,True
F878.png,1.0,True
F879.png,1.0,True
F88.png,1.0,True
F880.png,1.0,True
F881.png,1.0,True
F882.png,1.0,True
F883.png,1.0,True
F884.png,1.0,True
F885.png,1.0,True
F886.png,1.0,True
F887.png,1.0,True
F888.png,1.0,True
F889.png,1.0,True
F89.png,1.0,True
F890.png,1.0,True
F891.png,1.0,True
F892.png,1.0,True
F893.png,1.0,True
F894.png,1.0,True
F895.png,1.0,True
F896.png,1.0,True
F897.png,1.0,True
F898.png,1.0,True
F899.png,1.0,True
F9.png,0.0,False
F90.png,1.0,True
F900.png,1.0,True
F901.png,1.0,True
F902.png,1.0,True
F903.png,1.0,True
F904.png,0.0,False
F905.png,1.0,True
F906.png,0.0,False
F907.png,0.0,False
F908.png,1.0,True
F909.png,1.0,True
F91.png,0.0,False
F910.png,0.0,False
F911.png,1.0,True
F912.png,1.0,True
F913.png,1.0,True
F914.png,1.0,True
F915.png,1.0,True
F916.png,1.0,True
F917.png,1.0,True
F918.png,1.0,True
F919.png,1.0,True
F92.png,1.0,True
F920.png,1.0,True
F921.png,1.0,True
F922.png,1.0,True
F923.png,1.0,True
F924.png,0.0,False
F925.png,0.0,False
F926.png,0.0,False
F927.png,0.0,False
F928.png,1.0,True
F929.png,1.0,True
F93.png,1.0,True
F930.png,0.0,False
F931.png,1.0,True
F932.png,1.0,True
F933.png,0.0,False
F934.png,0.0,False
F935.png,1.0,True
F936.png,1.0,True
F937.png,1.0,True
F938.png,1.0,True
F939.png,1.0,True
F94.png,1.0,True
F940.png,1.0,True
F941.png,1.0,True
F942.png,1.0,True
F943.png,1.0,True
F944.png,1.0,True
F945.png,1.0,True
F946.png,1.0,True
F947.png,1.0,True
F948.png,0.0,False
F949.png,1.0,True
F95.png,1.0,True
F950.png,1.0,True
F951.png,1.0,True
F952.png,1.0,True
F953.png,1.0,True
F954.png,1.0,True
F955.png,1.0,True
F956.png,1.0,True
F957.png,1.0,True
F958.png,1.0,True
F959.png,1.0,True
F96.png,1.0,True
F960.png,1.0,True
F961.png,0.0,False
F962.png,1.0,True
F963.png,1.0,True
F964.png,1.0,True
F965.png,0.0,False
F966.png,0.0,False
F967.png,1.0,True
F968.png,1.0,True
F969.png,1.0,True
F97.png,1.0,True
F970.png,1.0,True
F971.png,1.0,True
F972.png,1.0,True
F973.png,1.0,True
F974.png,1.0,True
F975.png,1.0,True
F976.png,1.0,True
F977.png,1.0,True
F978.png,1.0,True
F979.png,1.0,True
F98.png,1.0,True
F980.png,1.0,True
F981.png,1.0,True
F982.png,1.0,True
F983.png,1.0,True
F984.png,1.0,True
F985.png,1.0,True
F986.png,1.0,True
F987.png,1.0,True
F988.png,1.0,True
F989.png,1.0,True
F99.png,1.0,True
F990.png,1.0,True
F991.png,1.0,True
F992.png,1.0,True
F993.png,1.0,True
F994.png,1.0,True
F995.png,1.0,True
F996.png,1.0,True
F997.png,0.0,False
F998.png,1.0,True
F999.png,1.0,True
